id,title,description,availability,condition,price,link,image_link,brand
קשיו-קוקוס,קשיו קוקוס,Premium קשיו קוקוס from pitzuchia,in stock,new,8.90 ILS,https://hamama-online.co.il/product/%d7%a7%d7%a9%d7%99%d7%95-%d7%a7%d7%95%d7%a7%d7%95%d7%a1/,https://hamama-online.co.il/wp-content/uploads/Nuts-s-all_0001_MNP_8672-200x147.jpg,pitzuchia
גרעין-שחור-ללא-מלח,גרעין שחור ללא מלח,Premium גרעין שחור ללא מלח from pitzuchia,in stock,new,3.00 ILS,https://hamama-online.co.il/product/%d7%92%d7%a8%d7%a2%d7%99%d7%9f-%d7%a9%d7%97%d7%95%d7%a8-%d7%9c%d7%9c%d7%90-%d7%9e%d7%9c%d7%97/,https://hamama-online.co.il/wp-content/uploads/Nuts-all_0003_MNP_8892-200x147.jpg,pitzuchia
בוטן-בציפוי-שום,בוטן בציפוי שום,Premium בוטן בציפוי שום from pitzuchia,in stock,new,5.00 ILS,https://hamama-online.co.il/product/%d7%91%d7%95%d7%98%d7%9f-%d7%91%d7%a6%d7%99%d7%a4%d7%95%d7%99-%d7%a9%d7%95%d7%9d/,https://hamama-online.co.il/wp-content/uploads/Nuts-m-all_0031_MNP_8689-200x147.jpg,pitzuchia
ריזוטו,ריזוטו,Premium ריזוטו from pitzuchia,in stock,new,8.00 ILS,https://hamama-online.co.il/product/%d7%a8%d7%99%d7%96%d7%95%d7%98%d7%95/,https://hamama-online.co.il/wp-content/uploads/Nuts-m-all_0032_MNP_8686-200x147.jpg,pitzuchia
בוטנים-קליפה-קלוי,בוטנים קליפה קלוי,Premium בוטנים קליפה קלוי from pitzuchia,in stock,new,3.40 ILS,https://hamama-online.co.il/product/%d7%91%d7%95%d7%98%d7%a0%d7%99%d7%9d-%d7%a7%d7%9c%d7%99%d7%a4%d7%94-%d7%a7%d7%9c%d7%95%d7%99/,https://hamama-online.co.il/wp-content/uploads/Nuts-m-all_0006_MNP_8753-200x147.jpg,pitzuchia
אפונה-וסאבי,אפונה וסאבי,Premium אפונה וסאבי from pitzuchia,in stock,new,5.00 ILS,https://hamama-online.co.il/product/%d7%90%d7%a4%d7%95%d7%a0%d7%94-%d7%95%d7%a1%d7%90%d7%91%d7%99/,https://hamama-online.co.il/wp-content/uploads/Nuts-m-all_0003_MNP_8761-200x147.jpg,pitzuchia
בוטן-בציפוי-צילי,בוטן בציפוי צ'ילי,Premium בוטן בציפוי צ'ילי from pitzuchia,in stock,new,5.00 ILS,https://hamama-online.co.il/product/%d7%91%d7%95%d7%98%d7%9f-%d7%91%d7%a6%d7%99%d7%a4%d7%95%d7%99-%d7%a6%d7%99%d7%9c%d7%99/,https://hamama-online.co.il/wp-content/uploads/Nuts-all_0026_MNP_8692-200x147.jpg,pitzuchia
אדממה,אדממה,Premium אדממה from pitzuchia,in stock,new,6.00 ILS,https://hamama-online.co.il/product/%d7%90%d7%93%d7%9e%d7%9e%d7%94/,https://hamama-online.co.il/wp-content/uploads/Nuts-m-all_0004_MNP_8759-200x147.jpg,pitzuchia
שקד-מקורמל,שקד מקורמל,Premium שקד מקורמל from pitzuchia,in stock,new,7.50 ILS,https://hamama-online.co.il/product/%d7%a9%d7%a7%d7%93-%d7%9e%d7%aa%d7%95%d7%a7/,https://hamama-online.co.il/wp-content/uploads/Nuts-s-all_0008_MNP_8652-200x147.jpg,pitzuchia
קשיו-מתוק,קשיו מתוק,Premium קשיו מתוק from pitzuchia,in stock,new,7.50 ILS,https://hamama-online.co.il/product/%d7%a7%d7%a9%d7%99%d7%95-%d7%9e%d7%aa%d7%95%d7%a7/,https://hamama-online.co.il/wp-content/uploads/Nuts-s-all_0001_MNP_8672-200x147.jpg,pitzuchia
גרעין-לבן-ללא-מלח,גרעין לבן ללא מלח,Premium גרעין לבן ללא מלח from pitzuchia,in stock,new,3.90 ILS,https://hamama-online.co.il/product/%d7%92%d7%a8%d7%a2%d7%99%d7%9f-%d7%9c%d7%91%d7%9f-%d7%9c%d7%9c%d7%90-%d7%9e%d7%9c%d7%97/,https://hamama-online.co.il/wp-content/uploads/Nuts-e-all_0001_MNP_8747-200x147.jpg,pitzuchia
שקד-מטוגן,שקד מטוגן,Premium שקד מטוגן from pitzuchia,in stock,new,8.20 ILS,https://hamama-online.co.il/product/%d7%a9%d7%a7%d7%93-%d7%9e%d7%98%d7%95%d7%92%d7%9f/,https://hamama-online.co.il/wp-content/uploads/Nuts-m-all_0008_MNP_8744-200x147.jpg,pitzuchia
קשיו-לוטוס,קשיו לוטוס,Premium קשיו לוטוס from pitzuchia,in stock,new,10.00 ILS,https://hamama-online.co.il/product/%d7%a7%d7%90%d7%a9%d7%99%d7%95-%d7%9c%d7%95%d7%98%d7%95%d7%a1/,https://hamama-online.co.il/wp-content/uploads/Nuts-s-all_0000_MNP_8677-200x147.jpg,pitzuchia
בונדוק-קוקוס,בונדוק קוקוס,Premium בונדוק קוקוס from pitzuchia,in stock,new,7.50 ILS,https://hamama-online.co.il/product/%d7%91%d7%95%d7%a0%d7%93%d7%95%d7%a7-%d7%a7%d7%95%d7%a7%d7%95%d7%a1/,https://hamama-online.co.il/wp-content/uploads/Nuts-s-all_0006_MNP_8657-200x147.jpg,pitzuchia
שקדים-קינמון,שקדים קינמון,Premium שקדים קינמון from pitzuchia,in stock,new,7.50 ILS,https://hamama-online.co.il/product/%d7%a9%d7%a7%d7%93%d7%99%d7%9d-%d7%a7%d7%99%d7%a0%d7%9e%d7%95%d7%9f/,https://hamama-online.co.il/wp-content/uploads/Nuts-s-all_0007_MNP_8654-200x147.jpg,pitzuchia
פקאן-חלווה,פקאן חלווה,Premium פקאן חלווה from pitzuchia,in stock,new,10.00 ILS,https://hamama-online.co.il/product/%d7%a4%d7%a7%d7%90%d7%9f-%d7%97%d7%9c%d7%95%d7%95%d7%94/,https://hamama-online.co.il/wp-content/uploads/Nuts-s-all_0009_MNP_8649-200x147.jpg,pitzuchia
עפולה,עפולה,Premium עפולה from pitzuchia,in stock,new,3.20 ILS,https://hamama-online.co.il/product/%d7%a2%d7%a4%d7%95%d7%9c%d7%94/,https://hamama-online.co.il/wp-content/uploads/Nuts-m-all_0005_MNP_8756-200x147.jpg,pitzuchia
מנצס-אוסטרלי,מנצ'ס אוסטרלי,Premium מנצ'ס אוסטרלי from pitzuchia,in stock,new,9.00 ILS,https://hamama-online.co.il/product/%d7%9e%d7%a0%d7%a6%d7%a1-%d7%90%d7%95%d7%a1%d7%98%d7%a8%d7%9c%d7%99/,https://hamama-online.co.il/wp-content/uploads/Nuts-m-all_0034_MNP_8682-200x147.jpg,pitzuchia
בננה-ציפס,בננה ציפס,Premium בננה ציפס from pitzuchia,in stock,new,3.50 ILS,https://hamama-online.co.il/product/%d7%91%d7%a0%d7%a0%d7%94-%d7%a6%d7%99%d7%a4%d7%a1/,https://hamama-online.co.il/wp-content/uploads/Nuts-m-all_0016_MNP_8726-200x147.jpg,pitzuchia
ירקות-שורש,ירקות שורש,Premium ירקות שורש from pitzuchia,in stock,new,9.00 ILS,https://hamama-online.co.il/product/%d7%99%d7%a8%d7%a7%d7%95%d7%aa-%d7%a9%d7%95%d7%a8%d7%a9/,https://hamama-online.co.il/wp-content/uploads/Nuts-m-all_0001_MNP_8766-200x147.jpg,pitzuchia
בוטן-תירס,בוטן תירס,Premium בוטן תירס from pitzuchia,in stock,new,5.00 ILS,https://hamama-online.co.il/product/%d7%91%d7%95%d7%98%d7%9f-%d7%aa%d7%99%d7%a8%d7%a1/,https://hamama-online.co.il/wp-content/uploads/Nuts-m-all_0031_MNP_8689-200x147.jpg,pitzuchia
סויה-קריספי,סויה קריספי,Premium סויה קריספי from pitzuchia,in stock,new,8.00 ILS,https://hamama-online.co.il/product/%d7%a1%d7%95%d7%99%d7%94-%d7%a7%d7%a8%d7%99%d7%a1%d7%a4%d7%99/,https://hamama-online.co.il/wp-content/uploads/Nuts-m-all_0033_MNP_8684-200x147.jpg,pitzuchia
שקד-בטעם-מלבי,שקד בטעם מלבי,Premium שקד בטעם מלבי from pitzuchia,in stock,new,7.50 ILS,https://hamama-online.co.il/product/%d7%a9%d7%a7%d7%93-%d7%91%d7%98%d7%a2%d7%9d-%d7%9e%d7%9c%d7%91%d7%99/,https://hamama-online.co.il/wp-content/uploads/Nuts-s-all_0003_MNP_8667-200x147.jpg,pitzuchia
בוטן-מטוגן,בוטן מטוגן,Premium בוטן מטוגן from pitzuchia,in stock,new,5.00 ILS,https://hamama-online.co.il/product/%d7%91%d7%95%d7%98%d7%9f-%d7%9e%d7%98%d7%95%d7%92%d7%9f/,https://hamama-online.co.il/wp-content/uploads/Nuts-m-all_0013_MNP_8733-200x147.jpg,pitzuchia
רביולי,רביולי,Premium רביולי from pitzuchia,in stock,new,6.00 ILS,https://hamama-online.co.il/product/%d7%a8%d7%91%d7%99%d7%95%d7%9c%d7%99/,https://hamama-online.co.il/wp-content/uploads/Nuts-m-all_0026_MNP_8704-200x147.jpg,pitzuchia
מנצס,מנצ'ס,Premium מנצ'ס from pitzuchia,in stock,new,6.00 ILS,https://hamama-online.co.il/product/%d7%9e%d7%a0%d7%a6%d7%a1/,https://hamama-online.co.il/wp-content/uploads/Nuts-m-all_0030_MNP_8697-200x147.jpg,pitzuchia
אגוז-ברזיל-קלוי,אגוז ברזיל קלוי,Premium אגוז ברזיל קלוי from pitzuchia,in stock,new,11.00 ILS,https://hamama-online.co.il/product/%d7%90%d7%92%d7%95%d7%96-%d7%91%d7%a8%d7%96%d7%99%d7%9c-%d7%a7%d7%9c%d7%95%d7%99/,https://hamama-online.co.il/wp-content/uploads/Nuts-m-all_0018_MNP_8723-200x147.jpg,pitzuchia
פקאן-מקורמל,פקאן מקורמל,Premium פקאן מקורמל from pitzuchia,in stock,new,10.00 ILS,https://hamama-online.co.il/product/%d7%a4%d7%a7%d7%90%d7%9f-%d7%9e%d7%a7%d7%95%d7%a8%d7%9e%d7%9c/,https://hamama-online.co.il/wp-content/uploads/Nuts-s-all_0002_MNP_8670-200x147.jpg,pitzuchia
פול,פול,Premium פול from pitzuchia,in stock,new,5.00 ILS,https://hamama-online.co.il/product/%d7%a4%d7%95%d7%9c/,https://hamama-online.co.il/wp-content/uploads/Nuts-m-all_0012_MNP_8734-200x147.jpg,pitzuchia
מיקס-קלויים-ללא-מלח,מיקס קלויים ללא מלח,Premium מיקס קלויים ללא מלח from pitzuchia,in stock,new,8.90 ILS,https://hamama-online.co.il/product/%d7%9e%d7%99%d7%a7%d7%a1-%d7%a7%d7%9c%d7%95%d7%99%d7%99%d7%9d-%d7%9c%d7%9c%d7%90-%d7%9e%d7%9c%d7%97/,https://hamama-online.co.il/wp-content/uploads/Nuts-e-all_0004_MNP_8722-200x147.jpg,pitzuchia
תירס-מטוגן,תירס מטוגן,Premium תירס מטוגן from pitzuchia,in stock,new,5.00 ILS,https://hamama-online.co.il/product/%d7%aa%d7%99%d7%a8%d7%a1-%d7%9e%d7%98%d7%95%d7%92%d7%9f/,https://hamama-online.co.il/wp-content/uploads/Nuts-m-all_0025_MNP_8707-200x147.jpg,pitzuchia
מיקס-חריף,מיקס חריף,Premium מיקס חריף from pitzuchia,in stock,new,6.00 ILS,https://hamama-online.co.il/product/%d7%9e%d7%99%d7%a7%d7%a1-%d7%97%d7%a8%d7%99%d7%a3/,https://hamama-online.co.il/wp-content/uploads/Nuts-m-all_0036_MNP_8679-200x147.jpg,pitzuchia
מיקס-קשיו-שקדים-מטוגן,מיקס קשיו שקדים מטוגן,Premium מיקס קשיו שקדים מטוגן from pitzuchia,in stock,new,8.90 ILS,https://hamama-online.co.il/product/%d7%9e%d7%99%d7%a7%d7%a1-%d7%a7%d7%a9%d7%99%d7%95-%d7%a9%d7%a7%d7%93%d7%99%d7%9d-%d7%9e%d7%98%d7%95%d7%92%d7%9f/,https://hamama-online.co.il/wp-content/uploads/Nuts-m-all_0021_MNP_8716-200x147.jpg,pitzuchia
פקאן-מתוק,פקאן מתוק,Premium פקאן מתוק from pitzuchia,in stock,new,9.00 ILS,https://hamama-online.co.il/product/%d7%a4%d7%a7%d7%90%d7%9f-%d7%9e%d7%aa%d7%95%d7%a7/,https://hamama-online.co.il/wp-content/uploads/Nuts-m-all_0027_MNP_8703-200x147.jpg,pitzuchia
אפונה,אפונה,Premium אפונה from pitzuchia,in stock,new,5.00 ILS,https://hamama-online.co.il/product/%d7%90%d7%a4%d7%95%d7%a0%d7%94/,https://hamama-online.co.il/wp-content/uploads/Nuts-m-all_0014_MNP_8729-200x147.jpg,pitzuchia
חומוס,חומוס,Premium חומוס from pitzuchia,in stock,new,3.60 ILS,https://hamama-online.co.il/product/%d7%97%d7%95%d7%9e%d7%95%d7%a1/,https://hamama-online.co.il/wp-content/uploads/Nuts-m-all_0007_MNP_8750-200x147.jpg,pitzuchia
לבן-טלזה-מלון,לבן טלזה (מלון),Premium לבן טלזה (מלון) from pitzuchia,in stock,new,4.50 ILS,https://hamama-online.co.il/product/%d7%9c%d7%91%d7%9f-%d7%98%d7%9c%d7%96%d7%94/,https://hamama-online.co.il/wp-content/uploads/Nuts-m-all_0017_MNP_8724-200x147.jpg,pitzuchia
פקאן-קלוי,פקאן קלוי,Premium פקאן קלוי from pitzuchia,in stock,new,12.00 ILS,https://hamama-online.co.il/product/%d7%a4%d7%a7%d7%90%d7%9f-%d7%a7%d7%9c%d7%95%d7%99/,https://hamama-online.co.il/wp-content/uploads/Nuts-m-all_0022_MNP_8714-200x147.jpg,pitzuchia
שקד-קליפה,שקד קליפה,Premium שקד קליפה from pitzuchia,in stock,new,5.50 ILS,https://hamama-online.co.il/product/%d7%a9%d7%a7%d7%93-%d7%a7%d7%9c%d7%99%d7%a4%d7%94/,https://hamama-online.co.il/wp-content/uploads/Nuts-m-all_0020_MNP_8719-200x147.jpg,pitzuchia
קשיו-בקליפה-קלוי,קשיו בקליפה קלוי,Premium קשיו בקליפה קלוי from pitzuchia,in stock,new,8.90 ILS,https://hamama-online.co.il/product/%d7%a7%d7%a9%d7%99%d7%95-%d7%91%d7%a7%d7%9c%d7%99%d7%a4%d7%94-%d7%a7%d7%9c%d7%95%d7%99/,https://hamama-online.co.il/wp-content/uploads/Nuts-m-all_0029_MNP_8698-200x147.jpg,pitzuchia
שקדים-ללא-מלח,שקדים ללא מלח,Premium שקדים ללא מלח from pitzuchia,in stock,new,8.20 ILS,https://hamama-online.co.il/product/%d7%a9%d7%a7%d7%93%d7%99%d7%9d-%d7%9c%d7%9c%d7%90-%d7%9e%d7%9c%d7%97/,https://hamama-online.co.il/wp-content/uploads/2020/10/Nuts-e-all_0000_MNP_8751-200x147.jpg,pitzuchia
בונדוק-ללא-מלח,בונדוק ללא מלח,Premium בונדוק ללא מלח from pitzuchia,in stock,new,8.50 ILS,https://hamama-online.co.il/product/%d7%91%d7%95%d7%a0%d7%93%d7%95%d7%a7-%d7%9c%d7%9c%d7%90-%d7%9e%d7%9c%d7%97/,https://hamama-online.co.il/wp-content/uploads/2020/10/Nuts-e-all_0003_MNP_8739-200x147.jpg,pitzuchia
פיסטוק-ללא-מלח,פיסטוק ללא מלח,Premium פיסטוק ללא מלח from pitzuchia,in stock,new,7.90 ILS,https://hamama-online.co.il/product/%d7%a4%d7%99%d7%a1%d7%98%d7%95%d7%a7-%d7%9c%d7%9c%d7%90-%d7%9e%d7%9c%d7%97/,https://hamama-online.co.il/wp-content/uploads/2020/10/Pistachio1-200x147.jpg,pitzuchia
קשיו-ללא-מלח,קשיו ללא מלח,Premium קשיו ללא מלח from pitzuchia,in stock,new,8.90 ILS,https://hamama-online.co.il/product/%d7%a7%d7%a9%d7%99%d7%95-%d7%9c%d7%9c%d7%90-%d7%9e%d7%9c%d7%97/,https://hamama-online.co.il/wp-content/uploads/2020/10/Nuts-e-all_0005_MNP_8712-200x147.jpg,pitzuchia
בוטנים-ללא-מלח,בוטנים ללא מלח,Premium בוטנים ללא מלח from pitzuchia,in stock,new,3.40 ILS,https://hamama-online.co.il/product/%d7%91%d7%95%d7%98%d7%a0%d7%99%d7%9d-%d7%9c%d7%9c%d7%90-%d7%9e%d7%9c%d7%97/,https://hamama-online.co.il/wp-content/uploads/2020/10/Nuts-e-all_0002_MNP_8742-200x147.jpg,pitzuchia
בוטן-אמריקאי,בוטן אמריקאי,Premium בוטן אמריקאי from pitzuchia,in stock,new,3.80 ILS,https://hamama-online.co.il/product/%d7%91%d7%95%d7%98%d7%9f-%d7%90%d7%9e%d7%a8%d7%99%d7%a7%d7%90%d7%99/,https://hamama-online.co.il/wp-content/uploads/2020/10/Nuts-m-all_0015_MNP_8728-200x147.jpg,pitzuchia
מקדמיה-קלוי,מקדמיה קלוי,Premium מקדמיה קלוי from pitzuchia,in stock,new,15.50 ILS,https://hamama-online.co.il/product/%d7%9e%d7%a7%d7%93%d7%9e%d7%99%d7%94/,https://hamama-online.co.il/wp-content/uploads/2020/10/Nuts-m-all_0024_MNP_8708-200x147.jpg,pitzuchia
שקד-חסן,שקד חסן,Premium שקד חסן from pitzuchia,in stock,new,8.90 ILS,https://hamama-online.co.il/product/%d7%a9%d7%a7%d7%93-%d7%97%d7%a1%d7%9f/,https://hamama-online.co.il/wp-content/uploads/2020/10/Nuts-all-nuts_0002_Buy-Raw-Almonds-200x147.jpg,pitzuchia
בוטנים-קלויים,בוטנים קלויים,Premium בוטנים קלויים from pitzuchia,in stock,new,4.20 ILS,https://hamama-online.co.il/product/%d7%91%d7%95%d7%98%d7%a0%d7%99%d7%9d-%d7%a7%d7%9c%d7%95%d7%99%d7%99%d7%9d/,https://hamama-online.co.il/wp-content/uploads/2020/10/Nuts-m-all_0023_MNP_8711-200x147.jpg,pitzuchia
אגוז-לוזבונדוק-קלוי,אגוז לוז/בונדוק קלוי,Premium אגוז לוז/בונדוק קלוי from pitzuchia,in stock,new,7.90 ILS,https://hamama-online.co.il/product/%d7%90%d7%92%d7%95%d7%96-%d7%9c%d7%95%d7%96-%d7%a7%d7%9c%d7%95%d7%99/,https://hamama-online.co.il/wp-content/uploads/2020/10/Nuts-m-all_0019_MNP_8720-200x147.jpg,pitzuchia
קשיו-קלוי,קשיו קלוי,Premium קשיו קלוי from pitzuchia,in stock,new,8.90 ILS,https://hamama-online.co.il/product/%d7%a7%d7%a9%d7%99%d7%95-%d7%a7%d7%9c%d7%95%d7%99/,https://hamama-online.co.il/wp-content/uploads/Nuts-e-all_0005_MNP_8712-200x147.jpg,pitzuchia
פיסטוק-פרסי,פיסטוק פרסי,Premium פיסטוק פרסי from pitzuchia,in stock,new,9.50 ILS,https://hamama-online.co.il/product/%d7%a4%d7%99%d7%a1%d7%98%d7%95%d7%a7-%d7%a4%d7%a8%d7%a1%d7%99/,https://hamama-online.co.il/wp-content/uploads/Nuts-m-all_0011_MNP_8735-200x147.jpg,pitzuchia
פיסטוק-חלבי,פיסטוק חלבי,Premium פיסטוק חלבי from pitzuchia,in stock,new,9.00 ILS,https://hamama-online.co.il/product/%d7%a4%d7%99%d7%a1%d7%98%d7%95%d7%a7-%d7%97%d7%9c%d7%91%d7%99/,https://hamama-online.co.il/wp-content/uploads/Nuts-all_0017_MNP_8874-200x147.jpg,pitzuchia
קבוקים,קבוקים,Premium קבוקים from pitzuchia,in stock,new,3.80 ILS,https://hamama-online.co.il/product/%d7%a7%d7%91%d7%95%d7%a7%d7%99%d7%9d/,https://hamama-online.co.il/wp-content/uploads/2020/10/Nuts-m-all_0009_MNP_8741-200x147.jpg,pitzuchia
גרעין-לבן,גרעין לבן,Premium גרעין לבן from pitzuchia,in stock,new,5.00 ILS,https://hamama-online.co.il/product/%d7%92%d7%a8%d7%a2%d7%99%d7%9f-%d7%9c%d7%91%d7%9f/,https://hamama-online.co.il/wp-content/uploads/2020/10/Nuts-m-all_0028_MNP_8701-200x147.jpg,pitzuchia
גרעין-אבטיח,גרעין אבטיח,Premium גרעין אבטיח from pitzuchia,in stock,new,5.50 ILS,https://hamama-online.co.il/product/%d7%92%d7%a8%d7%a2%d7%99%d7%9f-%d7%90%d7%91%d7%98%d7%99%d7%97/,https://hamama-online.co.il/wp-content/uploads/2020/10/Nuts-m-all_0010_MNP_8737-200x147.jpg,pitzuchia
גרעין-שחור-עם-מלח-קלוי,גרעין שחור עם מלח קלוי,Premium גרעין שחור עם מלח קלוי from pitzuchia,in stock,new,3.20 ILS,https://hamama-online.co.il/product/%d7%92%d7%a8%d7%a2%d7%99%d7%9f-%d7%a9%d7%97%d7%95%d7%a8-%d7%a2%d7%9d-%d7%9e%d7%9c%d7%97-%d7%a7%d7%9c%d7%95%d7%99/,https://hamama-online.co.il/wp-content/uploads/2020/10/Nuts-m-all_0005_MNP_8756-200x147.jpg,pitzuchia
אגוזי-מלך-מקולפים,אגוזי מלך-מקולפים,Premium אגוזי מלך-מקולפים from pitzuchia,in stock,new,2.90 ILS,https://hamama-online.co.il/product/%d7%90%d7%92%d7%95%d7%96%d7%99-%d7%9e%d7%9c%d7%9a-%d7%9e%d7%a7%d7%95%d7%9c%d7%a4%d7%99%d7%9d/,https://hamama-online.co.il/wp-content/uploads/2020/10/Nuts-all_0022_MNP_8868-1-200x147.jpg,pitzuchia
שקד-מולבן-פרוס,שקד מולבן פרוס,Premium שקד מולבן פרוס from pitzuchia,in stock,new,4.50 ILS,https://hamama-online.co.il/product/%d7%a9%d7%a7%d7%93-%d7%9e%d7%95%d7%9c%d7%91%d7%9f-%d7%a4%d7%a8%d7%95%d7%a1/,https://hamama-online.co.il/wp-content/uploads/Nuts-all_0018_MNP_8872-200x147.jpg,pitzuchia
פיסטוק-פרסי-טבעי,פיסטוק פרסי טבעי,Premium פיסטוק פרסי טבעי from pitzuchia,in stock,new,7.70 ILS,https://hamama-online.co.il/product/%d7%a4%d7%99%d7%a1%d7%98%d7%95%d7%a7-%d7%a4%d7%a8%d7%a1%d7%99-%d7%98%d7%91%d7%a2%d7%99/,https://hamama-online.co.il/wp-content/uploads/Nuts-m-all_0011_MNP_8735-200x147.jpg,pitzuchia
פיסטוק-חלבי-טבעי,פיסטוק חלבי טבעי,Premium פיסטוק חלבי טבעי from pitzuchia,in stock,new,6.50 ILS,https://hamama-online.co.il/product/%d7%a4%d7%99%d7%a1%d7%98%d7%95%d7%a7-%d7%97%d7%9c%d7%91%d7%99-%d7%98%d7%91%d7%a2%d7%99/,https://hamama-online.co.il/wp-content/uploads/Nuts-m-all_0011_MNP_8735-200x147.jpg,pitzuchia
אגוזי-מלך-בקליפה,אגוזי מלך בקליפה,Premium אגוזי מלך בקליפה from pitzuchia,in stock,new,2.20 ILS,https://hamama-online.co.il/product/%d7%90%d7%92%d7%95%d7%96%d7%99-%d7%9e%d7%9c%d7%9a-%d7%91%d7%a7%d7%9c%d7%99%d7%a4%d7%94/,https://hamama-online.co.il/wp-content/uploads/Nuts-all_0002_MNP_889674-min-200x147.jpg,pitzuchia
צנובר,צנובר,Premium צנובר from pitzuchia,in stock,new,16.00 ILS,https://hamama-online.co.il/product/%d7%a6%d7%a0%d7%95%d7%91%d7%a8/,https://hamama-online.co.il/wp-content/uploads/Nuts-all_0025_MNP_8857-200x147.jpg,pitzuchia
שקד-מולבן-שלם,שקד מולבן שלם,Premium שקד מולבן שלם from pitzuchia,in stock,new,4.50 ILS,https://hamama-online.co.il/product/%d7%a9%d7%a7%d7%93-%d7%9e%d7%95%d7%9c%d7%91%d7%9f-%d7%a9%d7%9c%d7%9d/,https://hamama-online.co.il/wp-content/uploads/Nuts-all_0020_MNP_8870-200x147.jpg,pitzuchia
שקד-מולבן-גפרור,שקד מולבן גפרור,Premium שקד מולבן גפרור from pitzuchia,in stock,new,4.50 ILS,https://hamama-online.co.il/product/%d7%a9%d7%a7%d7%93-%d7%9e%d7%95%d7%9c%d7%91%d7%9f-%d7%92%d7%a4%d7%a8%d7%95%d7%a8/,https://hamama-online.co.il/wp-content/uploads/Nuts-all_0019_MNP_8871-200x147.jpg,pitzuchia
פקאן-טבעי-מובחר,פקאן טבעי מובחר,Premium פקאן טבעי מובחר from pitzuchia,in stock,new,12.00 ILS,https://hamama-online.co.il/product/%d7%a4%d7%a7%d7%90%d7%9f-%d7%98%d7%91%d7%a2%d7%99-%d7%9e%d7%95%d7%91%d7%97%d7%a8/,https://hamama-online.co.il/wp-content/uploads/Nuts-all_0023_MNP_8867-200x147.jpg,pitzuchia
אגוז-מלך-פרימיום,אגוז מלך פרימיום,Premium אגוז מלך פרימיום from pitzuchia,in stock,new,4.90 ILS,https://hamama-online.co.il/product/%d7%90%d7%92%d7%95%d7%96-%d7%9e%d7%9c%d7%9a-%d7%a4%d7%a8%d7%99%d7%9e%d7%99%d7%95%d7%9d/,https://hamama-online.co.il/wp-content/uploads/Nuts-all_0022_MNP_8868-200x147.jpg,pitzuchia
אגוז-לוזבונדוק-מולבן,אגוז לוז/בונדוק מולבן,Premium אגוז לוז/בונדוק מולבן from pitzuchia,in stock,new,7.00 ILS,https://hamama-online.co.il/product/%d7%90%d7%92%d7%95%d7%96-%d7%9c%d7%95%d7%96-%d7%9e%d7%95%d7%9c%d7%91%d7%9f/,https://hamama-online.co.il/wp-content/uploads/Nuts-all_0007_MNP_8886-200x147.jpg,pitzuchia
בוטן-מולבן-טבעי,בוטן מולבן טבעי,Premium בוטן מולבן טבעי from pitzuchia,in stock,new,3.70 ILS,https://hamama-online.co.il/product/%d7%91%d7%95%d7%98%d7%9f-%d7%9e%d7%95%d7%9c%d7%91%d7%9f-%d7%98%d7%91%d7%a2%d7%99/,https://hamama-online.co.il/wp-content/uploads/Nuts-all_0008_MNP_8885-200x147.jpg,pitzuchia
לבן-טבעי,לבן טבעי,Premium לבן טבעי from pitzuchia,in stock,new,3.50 ILS,https://hamama-online.co.il/product/%d7%9c%d7%91%d7%9f-%d7%98%d7%91%d7%a2%d7%99/,https://hamama-online.co.il/wp-content/uploads/Nuts-all_0005_MNP_8890-200x147.jpg,pitzuchia
אבטיח-טבעי,אבטיח טבעי,Premium אבטיח טבעי from pitzuchia,in stock,new,3.80 ILS,https://hamama-online.co.il/product/%d7%90%d7%91%d7%98%d7%99%d7%97-%d7%98%d7%91%d7%a2%d7%99/,https://hamama-online.co.il/wp-content/uploads/Nuts-all_0000_MNP_8896-200x147.jpg,pitzuchia
שקד-קליפה-טבעי,שקד קליפה טבעי,Premium שקד קליפה טבעי from pitzuchia,in stock,new,3.80 ILS,https://hamama-online.co.il/product/%d7%a9%d7%a7%d7%93-%d7%a7%d7%9c%d7%99%d7%a4%d7%94-%d7%98%d7%91%d7%a2%d7%99/,https://hamama-online.co.il/wp-content/uploads/Nuts-all_0004_MNP_8891-200x147.jpg,pitzuchia
שקד-חסן-טבעי-אקסטרה,שקד חסן טבעי אקסטרה,Premium שקד חסן טבעי אקסטרה from pitzuchia,in stock,new,7.50 ILS,https://hamama-online.co.il/product/%d7%a9%d7%a7%d7%93-%d7%97%d7%a1%d7%9f-%d7%98%d7%91%d7%a2%d7%99-%d7%90%d7%a7%d7%a1%d7%98%d7%a8%d7%94/,https://hamama-online.co.il/wp-content/uploads/2020/10/Nuts-all_0006_MNP_8888-200x147.jpg,pitzuchia
פיסטוק-מקולף,פיסטוק מקולף,Premium פיסטוק מקולף from pitzuchia,in stock,new,13.00 ILS,https://hamama-online.co.il/product/%d7%a4%d7%99%d7%a1%d7%98%d7%95%d7%a7-%d7%9e%d7%a7%d7%95%d7%9c%d7%a3-2/,https://hamama-online.co.il/wp-content/uploads/2020/10/Pistachio-90-200x147.jpg,pitzuchia
גרעיני-חמניה-מקולף,גרעיני חמניה מקולף,Premium גרעיני חמניה מקולף from pitzuchia,in stock,new,3.00 ILS,https://hamama-online.co.il/product/%d7%92%d7%a8%d7%a2%d7%99%d7%a0%d7%99-%d7%97%d7%9e%d7%a0%d7%99%d7%94-%d7%9e%d7%a7%d7%95%d7%9c%d7%a3/,https://hamama-online.co.il/wp-content/uploads/2020/10/Nuts-all_0010_MNP_8882-200x147.jpg,pitzuchia
גרעיני-דלעת-מקולף,גרעיני דלעת מקולף,Premium גרעיני דלעת מקולף from pitzuchia,in stock,new,5.00 ILS,https://hamama-online.co.il/product/%d7%92%d7%a8%d7%a2%d7%99%d7%a0%d7%99-%d7%93%d7%9c%d7%a2%d7%aa-%d7%9e%d7%a7%d7%95%d7%9c%d7%a3/,https://hamama-online.co.il/wp-content/uploads/2020/10/Nuts-all_0011_MNP_8881-200x147.jpg,pitzuchia
פקאן-טבעי,פקאן טבעי,Premium פקאן טבעי from pitzuchia,in stock,new,9.80 ILS,https://hamama-online.co.il/product/%d7%a4%d7%a7%d7%90%d7%9f-%d7%98%d7%91%d7%a2%d7%99/,https://hamama-online.co.il/wp-content/uploads/2020/10/Nuts-all_0009_MNP_8883-200x147.jpg,pitzuchia
ברזיל-טבעי,ברזיל טבעי,Premium ברזיל טבעי from pitzuchia,in stock,new,10.00 ILS,https://hamama-online.co.il/product/%d7%91%d7%a8%d7%96%d7%99%d7%9c-%d7%98%d7%91%d7%a2%d7%99/,https://hamama-online.co.il/wp-content/uploads/2020/10/Nuts-all_0015_MNP_8877-200x147.jpg,pitzuchia
אגוז-לוזבונדוק-טבעי,אגוז לוז/בונדוק טבעי,Premium אגוז לוז/בונדוק טבעי from pitzuchia,in stock,new,5.70 ILS,https://hamama-online.co.il/product/%d7%91%d7%95%d7%a0%d7%93%d7%95%d7%a7-%d7%98%d7%91%d7%a2%d7%99-2/,https://hamama-online.co.il/wp-content/uploads/Nuts-all_0014_MNP_8878-min-200x147.jpg,pitzuchia
בוטן-קליפה-טבעי,בוטן קליפה טבעי,Premium בוטן קליפה טבעי from pitzuchia,in stock,new,2.00 ILS,https://hamama-online.co.il/product/%d7%91%d7%95%d7%98%d7%9f-%d7%a7%d7%9c%d7%99%d7%a4%d7%94-%d7%98%d7%91%d7%a2%d7%99/,https://hamama-online.co.il/wp-content/uploads/2020/10/Nuts-all_0002_MNP_8894-200x147.jpg,pitzuchia
קשיו-טבעי,קשיו טבעי,Premium קשיו טבעי from pitzuchia,in stock,new,3.90 ILS,https://hamama-online.co.il/product/%d7%a7%d7%a9%d7%99%d7%95-%d7%98%d7%91%d7%a2%d7%99/,https://hamama-online.co.il/wp-content/uploads/2020/10/Nuts-all_0013_MNP_8879-200x147.jpg,pitzuchia
בוטנים-טבעי,בוטנים טבעי,Premium בוטנים טבעי from pitzuchia,in stock,new,3.50 ILS,https://hamama-online.co.il/product/%d7%91%d7%95%d7%98%d7%a0%d7%99%d7%9d-%d7%98%d7%91%d7%a2%d7%99/,https://hamama-online.co.il/wp-content/uploads/2020/10/Nuts-all_0008_MNP_8885-200x147.jpg,pitzuchia
מקדמיה-טבעי,מקדמיה טבעי,Premium מקדמיה טבעי from pitzuchia,in stock,new,14.50 ILS,https://hamama-online.co.il/product/%d7%9e%d7%a7%d7%93%d7%9e%d7%99%d7%94-%d7%98%d7%91%d7%a2%d7%99-2/,https://hamama-online.co.il/wp-content/uploads/2020/10/Nuts-all_0024_MNP_8866-1-200x147.jpg,pitzuchia
גרעין-שחור-טבעי,גרעין שחור טבעי,Premium גרעין שחור טבעי from pitzuchia,in stock,new,2.20 ILS,https://hamama-online.co.il/product/%d7%92%d7%a8%d7%a2%d7%99%d7%9f-%d7%a9%d7%97%d7%95%d7%a8-%d7%98%d7%91%d7%a2%d7%99/,https://hamama-online.co.il/wp-content/uploads/2020/10/Nuts-all_0003_MNP_8892-200x147.jpg,pitzuchia
שקד-טבעי,שקד טבעי,Premium שקד טבעי from pitzuchia,in stock,new,3.90 ILS,https://hamama-online.co.il/product/%d7%a9%d7%a7%d7%98-%d7%98%d7%91%d7%a2%d7%99-%d7%90%d7%9e%d7%a8%d7%99%d7%a7%d7%90%d7%99/,https://hamama-online.co.il/wp-content/uploads/2020/10/Nuts-all_0001_MNP_8895-200x147.jpg,pitzuchia
דובדבן-ללא-תוספת-סוכר,דובדבן ללא תוספת סוכר,Premium דובדבן ללא תוספת סוכר from pitzuchia,in stock,new,9.90 ILS,https://hamama-online.co.il/product/%d7%93%d7%95%d7%91%d7%93%d7%91%d7%9f-%d7%9c%d7%9c%d7%90-%d7%aa%d7%95%d7%a1%d7%a4%d7%aa-%d7%a1%d7%95%d7%9b%d7%a8/,https://hamama-online.co.il/wp-content/uploads/spices-hamama-11_0000_dates-spread-silan-4g-min-1-200x147.jpg,pitzuchia
חמוציות,חמוציות,Premium חמוציות from pitzuchia,in stock,new,2.90 ILS,https://hamama-online.co.il/product/%d7%97%d7%9e%d7%95%d7%a6%d7%99%d7%95%d7%aa/,https://hamama-online.co.il/wp-content/uploads/2020/10/Dried-fruit-all_0016_MNP_8789-200x147.jpg,pitzuchia
לדר-300-גרם,לדר 300 גרם,Premium לדר 300 גרם from pitzuchia,in stock,new,7.00 ILS,https://hamama-online.co.il/product/%d7%9c%d7%93%d7%a8-300-%d7%92%d7%a8%d7%9d/,https://hamama-online.co.il/wp-content/uploads/Dried-fruit-n-all_0005_MNP_8842-200x147.jpg,pitzuchia
תמר-כבוש-500-גרם-2-יחידות,תמר כבוש -- 500 גרם -- 2 יחידות,Premium תמר כבוש -- 500 גרם -- 2 יחידות from pitzuchia,in stock,new,2.40 ILS,https://hamama-online.co.il/product/%d7%aa%d7%9e%d7%a8-%d7%9b%d7%91%d7%95%d7%a9-%d7%aa%d7%9e%d7%a8-%d7%9b%d7%a0%d7%a8%d7%aa-500-%d7%92%d7%a8%d7%9d-2-%d7%99%d7%97%d7%99%d7%93%d7%95%d7%aa/,https://hamama-online.co.il/wp-content/uploads/hamama-p-oo44-min-200x147.jpg,pitzuchia
תמר-כבוש-500-גרם,תמר כבוש 500 גרם,Premium תמר כבוש 500 גרם from pitzuchia,in stock,new,2.40 ILS,https://hamama-online.co.il/product/%d7%aa%d7%9e%d7%a8-%d7%9b%d7%91%d7%95%d7%a9-%d7%97%d7%a6%d7%99-%d7%a7%d7%99%d7%9c%d7%95/,https://hamama-online.co.il/wp-content/uploads/spices-hamama-11_0002_WhatsApp-Image-2021-02-08-at-15.12.28-1-200x147.jpg,pitzuchia
גינגר-טבעי,ג'ינג'ר טבעי,Premium ג'ינג'ר טבעי from pitzuchia,in stock,new,6.50 ILS,https://hamama-online.co.il/product/%d7%92%d7%99%d7%a0%d7%92%d7%a8-%d7%98%d7%91%d7%a2%d7%99/,https://hamama-online.co.il/wp-content/uploads/Dried-fruit-all_0008_MNP_8830-200x147.jpg,pitzuchia
מיקס-געלה-לסלט,מיקס ג'עלה לסלט,Premium מיקס ג'עלה לסלט from pitzuchia,in stock,new,7.50 ILS,https://hamama-online.co.il/product/%d7%9e%d7%99%d7%a7%d7%a1-%d7%9c%d7%a1%d7%9c%d7%98/,https://hamama-online.co.il/wp-content/uploads/spices-h-all_0000_MNP_8840-200x147.jpg,pitzuchia
אוכמניות-טבעי,אוכמניות טבעי,Premium אוכמניות טבעי from pitzuchia,in stock,new,9.90 ILS,https://hamama-online.co.il/product/%d7%90%d7%95%d7%9b%d7%9e%d7%a0%d7%99%d7%95%d7%aa-%d7%98%d7%91%d7%a2%d7%99/,https://hamama-online.co.il/wp-content/uploads/Dried-fruit-all_0015_MNP_8798-200x147.jpg,pitzuchia
צימוק-אוזבקי,צימוק אוזבקי,Premium צימוק אוזבקי from pitzuchia,in stock,new,5.50 ILS,https://hamama-online.co.il/product/%d7%a6%d7%99%d7%9e%d7%95%d7%a7-%d7%90%d7%95%d7%96%d7%91%d7%a7%d7%99/,https://hamama-online.co.il/wp-content/uploads/Dried-fruit-all_0012_MNP_8818-200x147.jpg,pitzuchia
צימוק-פרסי,צימוק פרסי,Premium צימוק פרסי from pitzuchia,in stock,new,5.50 ILS,https://hamama-online.co.il/product/%d7%a6%d7%99%d7%9e%d7%95%d7%a7-%d7%a4%d7%a8%d7%a1%d7%99/,https://hamama-online.co.il/wp-content/uploads/Dried-fruit-all_0014_MNP_8809-200x147.jpg,pitzuchia
בננה-ציפס,בננה ציפס,Premium בננה ציפס from pitzuchia,in stock,new,3.50 ILS,https://hamama-online.co.il/product/%d7%91%d7%a0%d7%a0%d7%94-%d7%a6%d7%99%d7%a4%d7%a1/,https://hamama-online.co.il/wp-content/uploads/Nuts-m-all_0016_MNP_8726-200x147.jpg,pitzuchia
חטיף-תפוזים,חטיף תפוזים,Premium חטיף תפוזים from pitzuchia,in stock,new,5.50 ILS,https://hamama-online.co.il/product/%d7%97%d7%98%d7%99%d7%a3-%d7%aa%d7%a4%d7%95%d7%96%d7%99%d7%9d/,https://hamama-online.co.il/wp-content/uploads/Dried-fruit-g-all_0001_MNP_8777-200x147.jpg,pitzuchia
חטיף-תמרים,חטיף תמרים,Premium חטיף תמרים from pitzuchia,in stock,new,5.50 ILS,https://hamama-online.co.il/product/%d7%97%d7%98%d7%99%d7%a3-%d7%aa%d7%9e%d7%a8%d7%99%d7%9d/,https://hamama-online.co.il/wp-content/uploads/Dried-fruit-g-all_0002_MNP_8775-200x147.jpg,pitzuchia
חבושים,חבושים,Premium חבושים from pitzuchia,in stock,new,5.50 ILS,https://hamama-online.co.il/product/%d7%97%d7%91%d7%95%d7%a9%d7%99%d7%9d/,https://hamama-online.co.il/wp-content/uploads/Dried-fruit-g-all_0000_MNP_8780-200x147.jpg,pitzuchia
מנגו-דל-סוכר,מנגו דל סוכר,Premium מנגו דל סוכר from pitzuchia,in stock,new,6.50 ILS,https://hamama-online.co.il/product/%d7%9e%d7%a0%d7%92%d7%95-%d7%93%d7%9c-%d7%a1%d7%95%d7%9b%d7%a8/,https://hamama-online.co.il/wp-content/uploads/Dried-fruit-n-all_0003_Layer-1-200x147.jpg,pitzuchia
היביסקוס,היביסקוס,Premium היביסקוס from pitzuchia,in stock,new,6.50 ILS,https://hamama-online.co.il/product/%d7%94%d7%99%d7%91%d7%99%d7%a1%d7%a7%d7%95%d7%a1/,https://hamama-online.co.il/wp-content/uploads/Dried-fruit-all_0005_MNP_8845-200x147.jpg,pitzuchia
בננה-טבעית,בננה טבעית,Premium בננה טבעית from pitzuchia,in stock,new,8.90 ILS,https://hamama-online.co.il/product/%d7%91%d7%a0%d7%a0%d7%94-%d7%98%d7%91%d7%a2%d7%99%d7%aa/,https://hamama-online.co.il/wp-content/uploads/Dried-fruit-all_0000_MNP_8856-200x147.jpg,pitzuchia
גולדן-ברי,גולדן ברי,Premium גולדן ברי from pitzuchia,in stock,new,10.00 ILS,https://hamama-online.co.il/product/%d7%92%d7%95%d7%9c%d7%93%d7%9f-%d7%91%d7%a8%d7%99/,https://hamama-online.co.il/wp-content/uploads/Dried-fruit-all_0009_MNP_8826-200x147.jpg,pitzuchia
מנגו-טבעי,מנגו טבעי,Premium מנגו טבעי from pitzuchia,in stock,new,12.00 ILS,https://hamama-online.co.il/product/%d7%9e%d7%a0%d7%92%d7%95-%d7%98%d7%91%d7%a2%d7%99/,https://hamama-online.co.il/wp-content/uploads/Dried-fruit-all_0007_MNP_8836-200x147.jpg,pitzuchia
משמש-אוזבקי,משמש אוזבקי,Premium משמש אוזבקי from pitzuchia,in stock,new,5.50 ILS,https://hamama-online.co.il/product/%d7%9e%d7%a9%d7%9e%d7%a9-%d7%90%d7%95%d7%96%d7%91%d7%a7%d7%99/,https://hamama-online.co.il/wp-content/uploads/Dried-fruit-n-all_0015_MNP_8812-200x147.jpg,pitzuchia
גינגר-דל-סוכר,ג'ינג'ר דל סוכר,Premium ג'ינג'ר דל סוכר from pitzuchia,in stock,new,4.50 ILS,https://hamama-online.co.il/product/%d7%92%d7%99%d7%a0%d7%92%d7%a8-%d7%93%d7%9c-%d7%a1%d7%95%d7%9b%d7%a8/,https://hamama-online.co.il/wp-content/uploads/Dried-fruit-all_0008_MNP_8830-200x147.jpg,pitzuchia
לדר-100-גרם,לדר 100 גרם,Premium לדר 100 גרם from pitzuchia,in stock,new,7.00 ILS,https://hamama-online.co.il/product/%d7%9c%d7%93%d7%a8/,https://hamama-online.co.il/wp-content/uploads/Dried-fruit-n-all_0005_MNP_8842-200x147.jpg,pitzuchia
תות,תות,Premium תות from pitzuchia,in stock,new,8.90 ILS,https://hamama-online.co.il/product/%d7%aa%d7%95%d7%aa/,https://hamama-online.co.il/wp-content/uploads/Dried-fruit-n-all_0004_MNP_8847-200x147.jpg,pitzuchia
קליפות-הדרים,קליפות הדרים,Premium קליפות הדרים from pitzuchia,in stock,new,5.90 ILS,https://hamama-online.co.il/product/%d7%a7%d7%9c%d7%99%d7%a4%d7%95%d7%aa-%d7%94%d7%93%d7%a8%d7%99%d7%9d/,https://hamama-online.co.il/wp-content/uploads/Dried-fruit-n-all_0000_MNP_8864-200x147.jpg,pitzuchia
תפוח-עץ,תפוח עץ,Premium תפוח עץ from pitzuchia,in stock,new,4.90 ILS,https://hamama-online.co.il/product/%d7%aa%d7%a4%d7%95%d7%97-%d7%a2%d7%a5/,https://hamama-online.co.il/wp-content/uploads/Dried-fruit-all_0003_MNP_8852-200x147.jpg,pitzuchia
אננס-טבעי,אננס טבעי,Premium אננס טבעי from pitzuchia,in stock,new,9.00 ILS,https://hamama-online.co.il/product/%d7%90%d7%a0%d7%a0%d7%a1-%d7%98%d7%91%d7%a2%d7%99/,https://hamama-online.co.il/wp-content/uploads/Dried-fruit-all_0011_MNP_8823-200x147.jpg,pitzuchia
אננס-טבעות,אננס טבעות,Premium אננס טבעות from pitzuchia,in stock,new,4.50 ILS,https://hamama-online.co.il/product/%d7%90%d7%a0%d7%a0%d7%a1-%d7%98%d7%91%d7%a2%d7%95%d7%aa/,https://hamama-online.co.il/wp-content/uploads/Dried-fruit-n-all_0014_MNP_8815-200x147.jpg,pitzuchia
פאפיה-ללא-תוספת-סוכר,פאפיה ללא תוספת סוכר,Premium פאפיה ללא תוספת סוכר from pitzuchia,in stock,new,8.90 ILS,https://hamama-online.co.il/product/%d7%a4%d7%90%d7%a4%d7%99%d7%94-%d7%9c%d7%9c%d7%90-%d7%aa%d7%95%d7%a1%d7%a4%d7%aa-%d7%a1%d7%95%d7%9b%d7%a8/,https://hamama-online.co.il/wp-content/uploads/Dried-fruit-all_0002_MNP_8853-200x147.jpg,pitzuchia
קוקוס-טבעי,קוקוס טבעי,Premium קוקוס טבעי from pitzuchia,in stock,new,7.00 ILS,https://hamama-online.co.il/product/%d7%a7%d7%95%d7%a7%d7%95%d7%a1-%d7%98%d7%91%d7%a2%d7%99/,https://hamama-online.co.il/wp-content/uploads/Dried-fruit-all_0001_MNP_8855-200x147.jpg,pitzuchia
קיווי,קיווי,Premium קיווי from pitzuchia,in stock,new,5.90 ILS,https://hamama-online.co.il/product/%d7%a7%d7%99%d7%95%d7%95%d7%99/,https://hamama-online.co.il/wp-content/uploads/Dried-fruit-n-all_0016_MNP_8811-200x147.jpg,pitzuchia
גוגי-ברי,גוגי ברי,Premium גוגי ברי from pitzuchia,in stock,new,6.20 ILS,https://hamama-online.co.il/product/%d7%92%d7%95%d7%92%d7%99-%d7%91%d7%a8%d7%99/,https://hamama-online.co.il/wp-content/uploads/Dried-fruit-all_0010_MNP_8824-200x147.jpg,pitzuchia
תאנים-טבעיות,תאנים טבעיות,Premium תאנים טבעיות from pitzuchia,in stock,new,7.00 ILS,https://hamama-online.co.il/product/%d7%aa%d7%90%d7%a0%d7%99%d7%9d-%d7%98%d7%91%d7%a2%d7%99%d7%95%d7%aa/,https://hamama-online.co.il/wp-content/uploads/Dried-fruit-all_0006_MNP_8844-200x147.jpg,pitzuchia
תמר-דקל,תמר דקל,Premium תמר דקל from pitzuchia,in stock,new,3.90 ILS,https://hamama-online.co.il/product/%d7%aa%d7%9e%d7%a8-%d7%93%d7%a7%d7%9c/,https://hamama-online.co.il/wp-content/uploads/Dried-fruit-n-all_0009_MNP_8828-200x147.jpg,pitzuchia
תמר-אמרי,תמר אמרי,Premium תמר אמרי from pitzuchia,in stock,new,3.90 ILS,https://hamama-online.co.il/product/%d7%aa%d7%9e%d7%a8-%d7%90%d7%9e%d7%a8%d7%99/,https://hamama-online.co.il/wp-content/uploads/Dried-fruit-n-all_0007_MNP_8834-200x147.jpg,pitzuchia
תמר-מגהול-גמבו,תמר מג'הול ג'מבו,Premium תמר מג'הול ג'מבו from pitzuchia,in stock,new,3.90 ILS,https://hamama-online.co.il/product/%d7%aa%d7%9e%d7%a8-%d7%9e%d7%92%d7%94%d7%95%d7%9c-%d7%92%d7%9e%d7%91%d7%95/,https://hamama-online.co.il/wp-content/uploads/Dried-fruit-n-all_0002_MNP_8859-200x147.jpg,pitzuchia
תמר-מגהול-ex,תמר מג'הול EX,Premium תמר מג'הול EX from pitzuchia,in stock,new,5.90 ILS,https://hamama-online.co.il/product/%d7%aa%d7%9e%d7%a8-%d7%9e%d7%92%d7%94%d7%95%d7%9c-ex/,https://hamama-online.co.il/wp-content/uploads/Dried-fruit-n-all_0006_MNP_8839-200x147.jpg,pitzuchia
מיקס-פירות-יבשים-ואגוזים-ex,מיקס פירות יבשים ואגוזים EX,Premium מיקס פירות יבשים ואגוזים EX from pitzuchia,in stock,new,12.00 ILS,https://hamama-online.co.il/product/%d7%9e%d7%99%d7%a7%d7%a1-%d7%a4%d7%99%d7%a8%d7%95%d7%aa-%d7%99%d7%91%d7%a9%d7%99%d7%9d-%d7%95%d7%90%d7%92%d7%95%d7%96%d7%99%d7%9d/,https://hamama-online.co.il/wp-content/uploads/Nuts-m-all_0000_MNP_8802-200x147.jpg,pitzuchia
משמש-טבעי-ללא-תוספת-סוכר,משמש טבעי -- ללא תוספת סוכר,Premium משמש טבעי -- ללא תוספת סוכר from pitzuchia,in stock,new,5.50 ILS,https://hamama-online.co.il/product/%d7%9e%d7%a9%d7%9e%d7%a9-%d7%98%d7%91%d7%a2%d7%99-%d7%9c%d7%9c%d7%90-%d7%aa%d7%95%d7%a1%d7%a4%d7%aa-%d7%a1%d7%95%d7%9b%d7%a8/,https://hamama-online.co.il/wp-content/uploads/Dried-fruit-all_0013_MNP_8813-200x147.jpg,pitzuchia
מארז-תמר-מגהול-1-קג,"מארז תמר מג'הול 1 ק""ג","Premium מארז תמר מג'הול 1 ק""ג from pitzuchia",in stock,new,1.50 ILS,https://hamama-online.co.il/product/%d7%9e%d7%90%d7%a8%d7%96-%d7%aa%d7%9e%d7%a8-%d7%9e%d7%92%d7%94%d7%95%d7%9c-1-%d7%a7%d7%92/,https://hamama-online.co.il/wp-content/uploads/Dried-fruit-n-all_0002_MNP_8859-200x147.jpg,pitzuchia
תאנים,תאנים,Premium תאנים from pitzuchia,in stock,new,5.90 ILS,https://hamama-online.co.il/product/%d7%aa%d7%90%d7%a0%d7%99%d7%9d/,https://hamama-online.co.il/wp-content/uploads/2020/10/Dried-fruit-n-all_0011_MNP_8821-200x147.jpg,pitzuchia
חמוציות-שלמות-ללא-סוכר,חמוציות שלמות ללא סוכר,Premium חמוציות שלמות ללא סוכר from pitzuchia,in stock,new,7.90 ILS,https://hamama-online.co.il/product/%d7%97%d7%9e%d7%95%d7%a6%d7%99%d7%95%d7%aa-%d7%a9%d7%9c%d7%9e%d7%95%d7%aa-%d7%9c%d7%9c%d7%90-%d7%a1%d7%95%d7%9b%d7%a8/,https://hamama-online.co.il/wp-content/uploads/2020/10/Dried-fruit-all_0015_MNP_8798-200x147.jpg,pitzuchia
חמוציות-ללא-תוספת-סוכר,חמוציות ללא תוספת סוכר,Premium חמוציות ללא תוספת סוכר from pitzuchia,in stock,new,2.90 ILS,https://hamama-online.co.il/product/%d7%97%d7%9e%d7%95%d7%a6%d7%99%d7%95%d7%aa-%d7%9c%d7%9c%d7%90-%d7%aa%d7%95%d7%a1%d7%a4%d7%aa-%d7%a1%d7%95%d7%9b%d7%a8/,https://hamama-online.co.il/wp-content/uploads/2020/10/Dried-fruit-all_0016_MNP_8789-200x147.jpg,pitzuchia
צימוק-חום,צימוק חום,Premium צימוק חום from pitzuchia,in stock,new,3.50 ILS,https://hamama-online.co.il/product/%d7%a6%d7%99%d7%9e%d7%95%d7%a7-%d7%97%d7%95%d7%9d/,https://hamama-online.co.il/wp-content/uploads/2020/10/Dried-fruit-n-all_0017_MNP_8804-200x147.jpg,pitzuchia
צימוק-לבן-גדול,צימוק לבן גדול,Premium צימוק לבן גדול from pitzuchia,in stock,new,3.50 ILS,https://hamama-online.co.il/product/%d7%a6%d7%99%d7%9e%d7%95%d7%a7-%d7%9c%d7%91%d7%9f-%d7%92%d7%93%d7%95%d7%9c/,https://hamama-online.co.il/wp-content/uploads/2020/10/Dried-fruit-n-all_0020_MNP_8794-200x147.jpg,pitzuchia
צימוק-לבן-קטן,צימוק לבן קטן,Premium צימוק לבן קטן from pitzuchia,in stock,new,2.50 ILS,https://hamama-online.co.il/product/%d7%a6%d7%99%d7%9e%d7%95%d7%a7-%d7%9c%d7%91%d7%9f-%d7%a7%d7%98%d7%9f/,https://hamama-online.co.il/wp-content/uploads/2020/10/Dried-fruit-n-all_0018_MNP_8796-200x147.jpg,pitzuchia
שזיף-מגולען-ללא-גרעין,שזיף מגולען ללא גרעין,Premium שזיף מגולען ללא גרעין from pitzuchia,in stock,new,5.50 ILS,https://hamama-online.co.il/product/%d7%a9%d7%96%d7%99%d7%a3-%d7%9e%d7%92%d7%95%d7%9c%d7%a2%d7%9f/,https://hamama-online.co.il/wp-content/uploads/2020/10/Dried-fruit-n-all_0019_MNP_8795-200x147.jpg,pitzuchia
שזיף-עם-גרעין,שזיף עם גרעין,Premium שזיף עם גרעין from pitzuchia,in stock,new,4.00 ILS,https://hamama-online.co.il/product/%d7%a9%d7%96%d7%99%d7%a3-%d7%a2%d7%9d-%d7%92%d7%a8%d7%a2%d7%99%d7%9f/,https://hamama-online.co.il/wp-content/uploads/2020/10/Dried-fruit-n-all_0013_MNP_8816-200x147.jpg,pitzuchia
משמש,משמש,Premium משמש from pitzuchia,in stock,new,5.50 ILS,https://hamama-online.co.il/product/%d7%9e%d7%a9%d7%9e%d7%a9/,https://hamama-online.co.il/wp-content/uploads/2020/10/Dried-fruit-n-all_0021_MNP_8793-200x147.jpg,pitzuchia
קוואקר-עבה,קוואקר עבה,Premium קוואקר עבה from pitzuchia,in stock,new,1.80 ILS,https://hamama-online.co.il/product/%d7%a7%d7%95%d7%95%d7%90%d7%a7%d7%a8-%d7%a2%d7%91%d7%94/,https://hamama-online.co.il/wp-content/uploads/Nuts-all_0002_MNP_0640-1-200x147.jpg,pitzuchia
אורז-עגול-קלרוז-לסושי-מזרח-ומערב,אורז עגול קלרוז לסושי -- מזרח ומערב,Premium אורז עגול קלרוז לסושי -- מזרח ומערב from pitzuchia,in stock,new,12.90 ILS,https://hamama-online.co.il/product/%d7%90%d7%95%d7%a8%d7%96-%d7%a2%d7%92%d7%95%d7%9c-%d7%a7%d7%9c%d7%a8%d7%95%d7%96-%d7%9c%d7%a1%d7%95%d7%a9%d7%99-%d7%9e%d7%96%d7%a8%d7%97-%d7%95%d7%9e%d7%a2%d7%a8%d7%91/,https://hamama-online.co.il/wp-content/uploads/products_hamama_new_new_0232_אורז-לסושי-min-200x147.jpg,pitzuchia
זרעי-שומשום-לבן,זרעי שומשום לבן,Premium זרעי שומשום לבן from pitzuchia,in stock,new,2.50 ILS,https://hamama-online.co.il/product/%d7%96%d7%a8%d7%a2%d7%99-%d7%a9%d7%95%d7%9e%d7%a9%d7%95%d7%9d-%d7%9c%d7%91%d7%9f/,https://hamama-online.co.il/wp-content/uploads/Nuts-all_0002_MNP_0640-1-200x147.jpg,pitzuchia
קוקוס-טחון,קוקוס טחון,Premium קוקוס טחון from pitzuchia,in stock,new,2.90 ILS,https://hamama-online.co.il/product/%d7%a7%d7%95%d7%a7%d7%95%d7%a1-%d7%98%d7%97%d7%95%d7%9f/,https://hamama-online.co.il/wp-content/uploads/Nuts-all_0031_MNP_0587-1-200x147.jpg,pitzuchia
כוסמת-ירוקה,כוסמת ירוקה,Premium כוסמת ירוקה from pitzuchia,in stock,new,1.80 ILS,https://hamama-online.co.il/product/%d7%9b%d7%95%d7%a1%d7%9e%d7%aa-%d7%99%d7%a8%d7%95%d7%a7%d7%94/,https://hamama-online.co.il/wp-content/uploads/Nuts-all_0030_MNP_0589-1-200x147.jpg,pitzuchia
קוואקר-דק,קוואקר דק,Premium קוואקר דק from pitzuchia,in stock,new,1.80 ILS,https://hamama-online.co.il/product/%d7%a7%d7%95%d7%95%d7%90%d7%a7%d7%a8-%d7%93%d7%a7/,https://hamama-online.co.il/wp-content/uploads/Nuts-all_0002_MNP_0640-1-200x147.jpg,pitzuchia
גרישה,גרישה,Premium גרישה from pitzuchia,in stock,new,1.00 ILS,https://hamama-online.co.il/product/%d7%92%d7%a8%d7%99%d7%a9%d7%94/,https://hamama-online.co.il/wp-content/uploads/Nuts-all_0021_MNP_0602-1-200x147.jpg,pitzuchia
בורגול-עבה,בורגול עבה,Premium בורגול עבה from pitzuchia,in stock,new,1.00 ILS,https://hamama-online.co.il/product/%d7%91%d7%95%d7%a8%d7%92%d7%95%d7%9c-%d7%a2%d7%91%d7%94/,https://hamama-online.co.il/wp-content/uploads/Nuts-all_0021_MNP_0602-1-200x147.jpg,pitzuchia
בורגול-דק,בורגול דק,Premium בורגול דק from pitzuchia,in stock,new,1.00 ILS,https://hamama-online.co.il/product/%d7%91%d7%95%d7%a8%d7%92%d7%95%d7%9c-%d7%93%d7%a7/,https://hamama-online.co.il/wp-content/uploads/Nuts-all_0021_MNP_0602-1-200x147.jpg,pitzuchia
עדשים-ירוקים,עדשים ירוקים,Premium עדשים ירוקים from pitzuchia,in stock,new,1.80 ILS,https://hamama-online.co.il/product/%d7%a2%d7%93%d7%a9%d7%99%d7%9d-%d7%99%d7%a8%d7%95%d7%a7%d7%99%d7%9d/,https://hamama-online.co.il/wp-content/uploads/Nuts-all_0007_MNP_0633-1-200x147.jpg,pitzuchia
עדשים-כתומות,עדשים כתומות,Premium עדשים כתומות from pitzuchia,in stock,new,1.80 ILS,https://hamama-online.co.il/product/%d7%a2%d7%93%d7%a9%d7%99%d7%9d-%d7%9b%d7%aa%d7%95%d7%9e%d7%95%d7%aa/,https://hamama-online.co.il/wp-content/uploads/Nuts-all_0008_MNP_0630-1-200x147.jpg,pitzuchia
קינואה,קינואה,Premium קינואה from pitzuchia,in stock,new,2.50 ILS,https://hamama-online.co.il/product/%d7%a7%d7%99%d7%a0%d7%95%d7%90%d7%94/,https://hamama-online.co.il/wp-content/uploads/Nuts-all_0024_MNP_0598-1-200x147.jpg,pitzuchia
שומשום-מלא,שומשום מלא,Premium שומשום מלא from pitzuchia,in stock,new,2.80 ILS,https://hamama-online.co.il/product/%d7%a9%d7%95%d7%9e%d7%a9%d7%95%d7%9d-%d7%9e%d7%9c%d7%90/,https://hamama-online.co.il/wp-content/uploads/Nuts-all_0029_MNP_0590-1-200x147.jpg,pitzuchia
שעועית-לבנה-בובס,שעועית לבנה בובס,Premium שעועית לבנה בובס from pitzuchia,in stock,new,2.00 ILS,https://hamama-online.co.il/product/%d7%a9%d7%a2%d7%95%d7%a2%d7%99%d7%aa-%d7%9c%d7%91%d7%a0%d7%94-%d7%91%d7%95%d7%91%d7%a1/,https://hamama-online.co.il/wp-content/uploads/Nuts-all_0015_MNP_0615-1-200x147.jpg,pitzuchia
שעועית-מנומרת,שעועית מנומרת,Premium שעועית מנומרת from pitzuchia,in stock,new,1.80 ILS,https://hamama-online.co.il/product/%d7%a9%d7%a2%d7%95%d7%a2%d7%99%d7%aa-%d7%9e%d7%a0%d7%95%d7%9e%d7%a8%d7%aa/,https://hamama-online.co.il/wp-content/uploads/Nuts-all_0010_MNP_0620-1-200x147.jpg,pitzuchia
פרג,פרג,Premium פרג from pitzuchia,in stock,new,3.60 ILS,https://hamama-online.co.il/product/%d7%a4%d7%a8%d7%92/,https://hamama-online.co.il/wp-content/uploads/Nuts-all_0018_MNP_0609-1-200x147.jpg,pitzuchia
לוביה,לוביה,Premium לוביה from pitzuchia,in stock,new,1.50 ILS,https://hamama-online.co.il/product/%d7%9c%d7%95%d7%91%d7%99%d7%94/,https://hamama-online.co.il/wp-content/uploads/Nuts-all_0004_MNP_0637-1-200x147.jpg,pitzuchia
שעועית-שחורה,שעועית שחורה,Premium שעועית שחורה from pitzuchia,in stock,new,1.80 ILS,https://hamama-online.co.il/product/%d7%a9%d7%a2%d7%95%d7%a2%d7%99%d7%aa-%d7%a9%d7%97%d7%95%d7%a8%d7%94/,https://hamama-online.co.il/wp-content/uploads/Nuts-all_0016_MNP_0614-1-200x147.jpg,pitzuchia
זרעי-פשתן,זרעי פשתן,Premium זרעי פשתן from pitzuchia,in stock,new,1.50 ILS,https://hamama-online.co.il/product/%d7%96%d7%a8%d7%a2%d7%99-%d7%a4%d7%a9%d7%aa%d7%9f/,https://hamama-online.co.il/wp-content/uploads/Nuts-all_0023_MNP_0599-1-200x147.jpg,pitzuchia
חומוס-גדול,חומוס גדול,Premium חומוס גדול from pitzuchia,in stock,new,2.50 ILS,https://hamama-online.co.il/product/%d7%97%d7%95%d7%9e%d7%95%d7%a1-%d7%92%d7%93%d7%95%d7%9c/,https://hamama-online.co.il/wp-content/uploads/Nuts-all_0001_MNP_0641-1-200x147.jpg,pitzuchia
מש,מש,Premium מש from pitzuchia,in stock,new,1.50 ILS,https://hamama-online.co.il/product/%d7%9e%d7%a9/,https://hamama-online.co.il/wp-content/uploads/Nuts-all_0009_MNP_0627-1-200x147.jpg,pitzuchia
כוסמת-חומה,כוסמת חומה,Premium כוסמת חומה from pitzuchia,in stock,new,1.50 ILS,https://hamama-online.co.il/product/%d7%9b%d7%95%d7%a1%d7%9e%d7%aa-%d7%97%d7%95%d7%9e%d7%94/,https://hamama-online.co.il/wp-content/uploads/Nuts-all_0034_MNP_0580-1-200x147.jpg,pitzuchia
עדשים-שחורות,עדשים שחורות,Premium עדשים שחורות from pitzuchia,in stock,new,2.00 ILS,https://hamama-online.co.il/product/%d7%a2%d7%93%d7%a9%d7%99%d7%9d-%d7%a9%d7%97%d7%95%d7%a8%d7%95%d7%aa/,https://hamama-online.co.il/wp-content/uploads/Nuts-all_0005_MNP_0636-1-200x147.jpg,pitzuchia
פול,פול,Premium פול from pitzuchia,in stock,new,2.50 ILS,https://hamama-online.co.il/product/%d7%a4%d7%95%d7%9c-2/,https://hamama-online.co.il/wp-content/uploads/Nuts-all_0014_MNP_0616-1-200x147.jpg,pitzuchia
פול-קטן,פול קטן,Premium פול קטן from pitzuchia,in stock,new,1.50 ILS,https://hamama-online.co.il/product/%d7%a4%d7%95%d7%9c-%d7%a7%d7%98%d7%9f/,https://hamama-online.co.il/wp-content/uploads/Nuts-all_0022_MNP_0600-1-200x147.jpg,pitzuchia
אפונה,אפונה,Premium אפונה from pitzuchia,in stock,new,1.50 ILS,https://hamama-online.co.il/product/%d7%90%d7%a4%d7%95%d7%a0%d7%94-2/,https://hamama-online.co.il/wp-content/uploads/Nuts-all_0006_MNP_0634-1-200x147.jpg,pitzuchia
תורמוס,תורמוס,Premium תורמוס from pitzuchia,in stock,new,1.50 ILS,https://hamama-online.co.il/product/%d7%aa%d7%95%d7%a8%d7%9e%d7%95%d7%a1/,https://hamama-online.co.il/wp-content/uploads/Nuts-all_0012_MNP_0618-1-200x147.jpg,pitzuchia
זרעי-ציה,זרעי צ'יה,Premium זרעי צ'יה from pitzuchia,in stock,new,4.00 ILS,https://hamama-online.co.il/product/%d7%96%d7%a8%d7%a2%d7%99-%d7%a6%d7%99%d7%94/,https://hamama-online.co.il/wp-content/uploads/Nuts-all_0018_MNP_0609-1-200x147.jpg,pitzuchia
שעועית-לבנה,שעועית לבנה,Premium שעועית לבנה from pitzuchia,in stock,new,1.50 ILS,https://hamama-online.co.il/product/%d7%a9%d7%a2%d7%95%d7%a2%d7%99%d7%aa-%d7%9c%d7%91%d7%a0%d7%94/,https://hamama-online.co.il/wp-content/uploads/Nuts-all_0013_MNP_0617-1-200x147.jpg,pitzuchia
פפריקה-מתוקה-בשמן,פפריקה מתוקה בשמן,Premium פפריקה מתוקה בשמן from pitzuchia,in stock,new,5.70 ILS,https://hamama-online.co.il/product/%d7%a4%d7%a4%d7%a8%d7%99%d7%a7%d7%94-%d7%9e%d7%aa%d7%95%d7%a7%d7%94-%d7%91%d7%a9%d7%9e%d7%9f/,https://hamama-online.co.il/wp-content/uploads/spices-all_0035_MNP_0731-200x147.jpg,pitzuchia
כורכום-1-קילו,כורכום 1 קילו,Premium כורכום 1 קילו from pitzuchia,in stock,new,0.00 ILS,https://hamama-online.co.il/product/%d7%9b%d7%95%d7%a8%d7%9b%d7%95%d7%9d-1-%d7%a7%d7%99%d7%9c%d7%95/,https://hamama-online.co.il/wp-content/uploads/spices-all_0005_MNP_0834-200x147.jpg,pitzuchia
כמון-טחון-1-קילו,כמון טחון 1 קילו,Premium כמון טחון 1 קילו from pitzuchia,in stock,new,0.00 ILS,https://hamama-online.co.il/product/%d7%9b%d7%9e%d7%95%d7%9f-%d7%98%d7%97%d7%95%d7%9f-1-%d7%a7%d7%99%d7%9c%d7%95/,https://hamama-online.co.il/wp-content/uploads/spices-all_0006_MNP_0833-1-200x147.jpg,pitzuchia
פפריקה-חריפה-1-קילו,פפריקה חריפה 1 קילו,Premium פפריקה חריפה 1 קילו from pitzuchia,in stock,new,0.00 ILS,https://hamama-online.co.il/product/%d7%a4%d7%a4%d7%a8%d7%99%d7%a7%d7%94-%d7%97%d7%a8%d7%99%d7%a4%d7%94-1-%d7%a7%d7%99%d7%9c%d7%95/,https://hamama-online.co.il/wp-content/uploads/spices-all_0035_MNP_0731-200x147.jpg,pitzuchia
פפריקה-מתוקה-1-קילו,פפריקה מתוקה 1 קילו,Premium פפריקה מתוקה 1 קילו from pitzuchia,in stock,new,0.00 ILS,https://hamama-online.co.il/product/%d7%a4%d7%a4%d7%a8%d7%99%d7%a7%d7%94-%d7%9e%d7%aa%d7%95%d7%a7%d7%94-1-%d7%a7%d7%99%d7%9c%d7%95/,https://hamama-online.co.il/wp-content/uploads/2020/10/spices-all_0036_MNP_0730-1-200x147.jpg,pitzuchia
אורז-עגול-קלרוז-לסושי-מזרח-ומערב,אורז עגול קלרוז לסושי – מזרח ומערב,Premium אורז עגול קלרוז לסושי – מזרח ומערב from pitzuchia,in stock,new,0.00 ILS,https://hamama-online.co.il/product/%d7%90%d7%95%d7%a8%d7%96-%d7%a2%d7%92%d7%95%d7%9c-%d7%a7%d7%9c%d7%a8%d7%95%d7%96-%d7%9c%d7%a1%d7%95%d7%a9%d7%99-%d7%9e%d7%96%d7%a8%d7%97-%d7%95%d7%9e%d7%a2%d7%a8%d7%91/,https://hamama-online.co.il/wp-content/uploads/products_hamama_new_new_0232_אורז-לסושי-min-200x147.jpg,pitzuchia
פרג-טחון,פרג טחון,Premium פרג טחון from pitzuchia,in stock,new,5.00 ILS,https://hamama-online.co.il/product/%d7%a4%d7%a8%d7%92-%d7%98%d7%97%d7%95%d7%9f/,https://hamama-online.co.il/wp-content/uploads/Nuts-all_0018_MNP_0609-1-200x147.jpg,pitzuchia
תבלין-לחמוצים,תבלין לחמוצים,Premium תבלין לחמוצים from pitzuchia,in stock,new,4.00 ILS,https://hamama-online.co.il/product/%d7%aa%d7%91%d7%9c%d7%99%d7%9f-%d7%9c%d7%97%d7%9e%d7%95%d7%a6%d7%99%d7%9d/,https://hamama-online.co.il/wp-content/uploads/spices-all_0005_MNP_0834-200x147.jpg,pitzuchia
תבלין-לעמבה,תבלין לעמבה,Premium תבלין לעמבה from pitzuchia,in stock,new,4.00 ILS,https://hamama-online.co.il/product/%d7%aa%d7%91%d7%9c%d7%99%d7%9f-%d7%9c%d7%a2%d7%9e%d7%91%d7%94/,https://hamama-online.co.il/wp-content/uploads/spices-all_0005_MNP_0834-200x147.jpg,pitzuchia
תבשיל-לדג-מבושל,תבשיל לדג מבושל,Premium תבשיל לדג מבושל from pitzuchia,in stock,new,6.00 ILS,https://hamama-online.co.il/product/%d7%aa%d7%91%d7%a9%d7%99%d7%9c-%d7%9c%d7%93%d7%92-%d7%9e%d7%91%d7%95%d7%a9%d7%9c/,https://hamama-online.co.il/wp-content/uploads/spices-all_0034_MNP_0732-200x147.jpg,pitzuchia
אגוז-מוסקט-טחון,אגוז מוסקט טחון,Premium אגוז מוסקט טחון from pitzuchia,in stock,new,12.00 ILS,https://hamama-online.co.il/product/%d7%90%d7%92%d7%95%d7%96-%d7%9e%d7%95%d7%a1%d7%a7%d7%98-%d7%98%d7%97%d7%95%d7%9f/,https://hamama-online.co.il/wp-content/uploads/spices-all_0019_MNP_0757-200x147.jpg,pitzuchia
כוסברה-עלים,כוסברה עלים,Premium כוסברה עלים from pitzuchia,in stock,new,4.00 ILS,https://hamama-online.co.il/product/%d7%9b%d7%95%d7%a1%d7%91%d7%a8%d7%94-%d7%a2%d7%9c%d7%99%d7%9d/,https://hamama-online.co.il/wp-content/uploads/spices-k-all_0003_MNP_0796-200x147.jpg,pitzuchia
מרווה,מרווה,Premium מרווה from pitzuchia,in stock,new,6.00 ILS,https://hamama-online.co.il/product/%d7%9e%d7%a8%d7%95%d7%95%d7%94/,https://hamama-online.co.il/wp-content/uploads/spices-k-all_0007_MNP_0769-200x147.jpg,pitzuchia
פרג,פרג,Premium פרג from pitzuchia,in stock,new,3.60 ILS,https://hamama-online.co.il/product/%d7%a4%d7%a8%d7%92/,https://hamama-online.co.il/wp-content/uploads/Nuts-all_0018_MNP_0609-1-200x147.jpg,pitzuchia
גרגירי-חרדל,גרגירי חרדל,Premium גרגירי חרדל from pitzuchia,in stock,new,4.00 ILS,https://hamama-online.co.il/product/%d7%92%d7%a8%d7%92%d7%99%d7%a8%d7%99-%d7%97%d7%a8%d7%93%d7%9c/,https://hamama-online.co.il/wp-content/uploads/spices-s-all_0002_MNP_0841-200x147.jpg,pitzuchia
יח-זעפרן,יח' זעפרן,Premium יח' זעפרן from pitzuchia,in stock,new,0.00 ILS,https://hamama-online.co.il/product/%d7%99%d7%97-%d7%96%d7%a2%d7%a4%d7%a8%d7%9f/,https://hamama-online.co.il/wp-content/uploads/spices-all_0037_MNP_0503-200x147.jpg,pitzuchia
חוויג-לאפייה,חוויג לאפייה,Premium חוויג לאפייה from pitzuchia,in stock,new,6.50 ILS,https://hamama-online.co.il/product/%d7%97%d7%95%d7%95%d7%99%d7%92-%d7%9c%d7%90%d7%a4%d7%99%d7%99%d7%94/,https://hamama-online.co.il/wp-content/uploads/spices-all_0011_MNP_0801-1-200x147.jpg,pitzuchia
רוזמרין,רוזמרין,Premium רוזמרין from pitzuchia,in stock,new,6.00 ILS,https://hamama-online.co.il/product/%d7%a8%d7%95%d7%96%d7%9e%d7%a8%d7%99%d7%9f/,https://hamama-online.co.il/wp-content/uploads/spices-k-all_0008_MNP_0768-200x147.jpg,pitzuchia
קימל-שלם,קימל שלם,Premium קימל שלם from pitzuchia,in stock,new,4.90 ILS,https://hamama-online.co.il/product/%d7%a7%d7%99%d7%9e%d7%9c-%d7%a9%d7%9c%d7%9d/,https://hamama-online.co.il/wp-content/uploads/spices-s-all_0015_MNP_0767-200x147.jpg,pitzuchia
בצל-מטוגן,בצל מטוגן,Premium בצל מטוגן from pitzuchia,in stock,new,4.00 ILS,https://hamama-online.co.il/product/%d7%91%d7%a6%d7%9c-%d7%9e%d7%98%d7%95%d7%92%d7%9f/,https://hamama-online.co.il/wp-content/uploads/spices-k-all_0010_MNP_0761-200x147.jpg,pitzuchia
בצל-יבש,בצל יבש,Premium בצל יבש from pitzuchia,in stock,new,4.00 ILS,https://hamama-online.co.il/product/%d7%91%d7%a6%d7%9c-%d7%99%d7%91%d7%a9/,https://hamama-online.co.il/wp-content/uploads/spices-k-all_0010_MNP_0761-200x147.jpg,pitzuchia
כוסברה-שלם,כוסברה שלם,Premium כוסברה שלם from pitzuchia,in stock,new,4.00 ILS,https://hamama-online.co.il/product/%d7%9b%d7%95%d7%a1%d7%91%d7%a8%d7%94-%d7%a9%d7%9c%d7%9d/,https://hamama-online.co.il/wp-content/uploads/spices-s-all_0012_MNP_0799-300x220.jpg,pitzuchia
פטרוזיליה,פטרוזיליה,Premium פטרוזיליה from pitzuchia,in stock,new,6.50 ILS,https://hamama-online.co.il/product/%d7%a4%d7%98%d7%a8%d7%95%d7%96%d7%99%d7%9c%d7%99%d7%94/,,pitzuchia
ציפורן-טחון,ציפורן טחון,Premium ציפורן טחון from pitzuchia,in stock,new,15.00 ILS,https://hamama-online.co.il/product/%d7%a6%d7%99%d7%a4%d7%95%d7%a8%d7%9f-%d7%98%d7%97%d7%95%d7%9f/,https://hamama-online.co.il/wp-content/uploads/spices-all_0019_MNP_0757-200x147.jpg,pitzuchia
ציפורן-שלם,ציפורן שלם,Premium ציפורן שלם from pitzuchia,in stock,new,15.00 ILS,https://hamama-online.co.il/product/%d7%a6%d7%99%d7%a4%d7%95%d7%a8%d7%9f-%d7%a9%d7%9c%d7%9d/,https://hamama-online.co.il/wp-content/uploads/spices-s-all_0006_MNP_0822-200x147.jpg,pitzuchia
שבבי-שום,שבבי שום,Premium שבבי שום from pitzuchia,in stock,new,7.00 ILS,https://hamama-online.co.il/product/%d7%a9%d7%91%d7%91%d7%99-%d7%a9%d7%95%d7%9d/,https://hamama-online.co.il/wp-content/uploads/spices-k-all_0005_MNP_0784-200x147.jpg,pitzuchia
שמיר-יבש,שמיר יבש,Premium שמיר יבש from pitzuchia,in stock,new,9.00 ILS,https://hamama-online.co.il/product/%d7%a9%d7%9e%d7%99%d7%a8-%d7%99%d7%91%d7%a9/,https://hamama-online.co.il/wp-content/uploads/spices-k-all_0002_MNP_0809-200x147.jpg,pitzuchia
חילבה-טחון,חילבה טחון,Premium חילבה טחון from pitzuchia,in stock,new,3.50 ILS,https://hamama-online.co.il/product/%d7%97%d7%99%d7%9c%d7%91%d7%94-%d7%98%d7%97%d7%95%d7%9f/,https://hamama-online.co.il/wp-content/uploads/spices-all_0015_MNP_0780-200x147.jpg,pitzuchia
פלפל-שחור-שלם,פלפל שחור שלם,Premium פלפל שחור שלם from pitzuchia,in stock,new,6.90 ILS,https://hamama-online.co.il/product/%d7%a4%d7%9c%d7%a4%d7%9c-%d7%a9%d7%97%d7%95%d7%a8-%d7%a9%d7%9c%d7%9d/,https://hamama-online.co.il/wp-content/uploads/spices-s-all_0017_MNP_0751-200x147.jpg,pitzuchia
פלפל-לבן,פלפל לבן,Premium פלפל לבן from pitzuchia,in stock,new,8.00 ILS,https://hamama-online.co.il/product/%d7%a4%d7%9c%d7%a4%d7%9c-%d7%9c%d7%91%d7%9f/,https://hamama-online.co.il/wp-content/uploads/spices-all_0000_MNP_0869-200x147.jpg,pitzuchia
קינמון-טחון,קינמון טחון,Premium קינמון טחון from pitzuchia,in stock,new,5.50 ILS,https://hamama-online.co.il/product/%d7%a7%d7%99%d7%a0%d7%9e%d7%95%d7%9f-%d7%98%d7%97%d7%95%d7%9f/,https://hamama-online.co.il/wp-content/uploads/spices-all_0029_MNP_0739-200x147.jpg,pitzuchia
חוויג-לקפה,חוויג לקפה,Premium חוויג לקפה from pitzuchia,in stock,new,7.00 ILS,https://hamama-online.co.il/product/%d7%97%d7%95%d7%95%d7%99%d7%92-%d7%9c%d7%a7%d7%a4%d7%94/,https://hamama-online.co.il/wp-content/uploads/spices-all_0013_MNP_0788-200x147.jpg,pitzuchia
תערובת-לאורז-מדקסגר,תערובת לאורז מדקסגר,Premium תערובת לאורז מדקסגר from pitzuchia,in stock,new,8.90 ILS,https://hamama-online.co.il/product/%d7%aa%d7%a2%d7%a8%d7%95%d7%91%d7%aa-%d7%9c%d7%90%d7%95%d7%a8%d7%96-%d7%9e%d7%93%d7%a7%d7%a1%d7%92%d7%a8/,https://hamama-online.co.il/wp-content/uploads/spices-d-all_0000_MNP_0864-200x147.jpg,pitzuchia
תערובת-לאורז-מארקש,תערובת לאורז מארקש,Premium תערובת לאורז מארקש from pitzuchia,in stock,new,8.90 ILS,https://hamama-online.co.il/product/%d7%aa%d7%a2%d7%a8%d7%95%d7%91%d7%aa-%d7%9c%d7%90%d7%95%d7%a8%d7%96-%d7%9e%d7%90%d7%a8%d7%a7%d7%a9/,https://hamama-online.co.il/wp-content/uploads/spices-d-all_0003_MNP_0855-200x147.jpg,pitzuchia
תערובת-לאורז-פרסי,תערובת לאורז פרסי,Premium תערובת לאורז פרסי from pitzuchia,in stock,new,8.90 ILS,https://hamama-online.co.il/product/%d7%aa%d7%a2%d7%a8%d7%95%d7%91%d7%aa-%d7%9c%d7%90%d7%95%d7%a8%d7%96-%d7%a4%d7%a8%d7%a1%d7%99/,https://hamama-online.co.il/wp-content/uploads/spices-d-all_0001_MNP_0860-200x147.jpg,pitzuchia
פלפל-אנגלי-שלם,פלפל אנגלי שלם,Premium פלפל אנגלי שלם from pitzuchia,in stock,new,7.90 ILS,https://hamama-online.co.il/product/%d7%a4%d7%9c%d7%a4%d7%9c-%d7%90%d7%a0%d7%92%d7%9c%d7%99-%d7%a9%d7%9c%d7%9d/,https://hamama-online.co.il/wp-content/uploads/spices-s-all_0013_MNP_0789-200x147.jpg,pitzuchia
אגוז-מוסקט-שלם,אגוז מוסקט שלם,Premium אגוז מוסקט שלם from pitzuchia,in stock,new,12.00 ILS,https://hamama-online.co.il/product/%d7%90%d7%92%d7%95%d7%96-%d7%9e%d7%95%d7%a1%d7%a7%d7%98-%d7%a9%d7%9c%d7%9d/,https://hamama-online.co.il/wp-content/uploads/spices-s-all_0011_MNP_0800-200x147.jpg,pitzuchia
זנגביל-טחון,זנגביל טחון,Premium זנגביל טחון from pitzuchia,in stock,new,7.90 ILS,https://hamama-online.co.il/product/%d7%96%d7%a0%d7%92%d7%91%d7%99%d7%9c-%d7%98%d7%97%d7%95%d7%9f/,https://hamama-online.co.il/wp-content/uploads/spices-all_0007_MNP_0830-200x147.jpg,pitzuchia
לימון-פרסי-לבן,לימון פרסי לבן,Premium לימון פרסי לבן from pitzuchia,in stock,new,6.50 ILS,https://hamama-online.co.il/product/%d7%9c%d7%99%d7%9e%d7%95%d7%9f-%d7%a4%d7%a8%d7%a1%d7%99-%d7%9c%d7%91%d7%9f/,https://hamama-online.co.il/wp-content/uploads/spices-s-all_0000_MNP_0850-200x147.jpg,pitzuchia
לימון-פרסי-שחור,לימון פרסי שחור,Premium לימון פרסי שחור from pitzuchia,in stock,new,6.50 ILS,https://hamama-online.co.il/product/%d7%9c%d7%99%d7%9e%d7%95%d7%9f-%d7%a4%d7%a8%d7%a1%d7%99-%d7%a9%d7%97%d7%95%d7%a8/,https://hamama-online.co.il/wp-content/uploads/spices-s-all_0001_MNP_0848-200x147.jpg,pitzuchia
כוכב-אניס,כוכב אניס,Premium כוכב אניס from pitzuchia,in stock,new,12.00 ILS,https://hamama-online.co.il/product/%d7%9b%d7%95%d7%9b%d7%91-%d7%90%d7%a0%d7%99%d7%a1/,https://hamama-online.co.il/wp-content/uploads/spices-s-all_0010_MNP_0803-200x147.jpg,pitzuchia
שום-גבישי,שום גבישי,Premium שום גבישי from pitzuchia,in stock,new,7.00 ILS,https://hamama-online.co.il/product/%d7%a9%d7%95%d7%9d-%d7%92%d7%91%d7%99%d7%a9%d7%99/,https://hamama-online.co.il/wp-content/uploads/spices-all_0016_MNP_0779-200x147.jpg,pitzuchia
אבקת-שום,אבקת שום,Premium אבקת שום from pitzuchia,in stock,new,5.00 ILS,https://hamama-online.co.il/product/%d7%90%d7%91%d7%a7%d7%aa-%d7%a9%d7%95%d7%9d/,https://hamama-online.co.il/wp-content/uploads/spices-all_0015_MNP_0780-200x147.jpg,pitzuchia
שווארמה,שווארמה,Premium שווארמה from pitzuchia,in stock,new,6.50 ILS,https://hamama-online.co.il/product/%d7%a9%d7%95%d7%95%d7%90%d7%a8%d7%9e%d7%94/,https://hamama-online.co.il/wp-content/uploads/spices-all_0014_MNP_0786-1-200x147.jpg,pitzuchia
תבלין-לפרגית,תבלין לפרגית,Premium תבלין לפרגית from pitzuchia,in stock,new,4.90 ILS,https://hamama-online.co.il/product/%d7%aa%d7%91%d7%9c%d7%99%d7%9f-%d7%9c%d7%a4%d7%a8%d7%92%d7%99%d7%aa/,,pitzuchia
על-האש,על האש,Premium על האש from pitzuchia,in stock,new,5.50 ILS,https://hamama-online.co.il/product/%d7%a2%d7%9c-%d7%94%d7%90%d7%a9/,https://hamama-online.co.il/wp-content/uploads/spices-all_0031_MNP_0737-300x220.jpg,pitzuchia
סומק,סומק,Premium סומק from pitzuchia,in stock,new,5.50 ILS,https://hamama-online.co.il/product/%d7%a1%d7%95%d7%9e%d7%a7/,https://hamama-online.co.il/wp-content/uploads/spices-all_0004_MNP_0836-300x220.jpg,pitzuchia
פלפל-חריף,פלפל חריף,Premium פלפל חריף from pitzuchia,in stock,new,6.90 ILS,https://hamama-online.co.il/product/%d7%a4%d7%9c%d7%a4%d7%9c-%d7%97%d7%a8%d7%99%d7%a3/,,pitzuchia
פלפל-מתוק,פלפל מתוק,Premium פלפל מתוק from pitzuchia,in stock,new,6.90 ILS,https://hamama-online.co.il/product/%d7%a4%d7%9c%d7%a4%d7%9c-%d7%9e%d7%aa%d7%95%d7%a7/,,pitzuchia
בזיליקום,בזיליקום,Premium בזיליקום from pitzuchia,in stock,new,6.50 ILS,https://hamama-online.co.il/product/%d7%91%d7%96%d7%99%d7%9c%d7%99%d7%a7%d7%95%d7%9d/,https://hamama-online.co.il/wp-content/uploads/spices-k-all_0003_MNP_0796-200x147.jpg,pitzuchia
אורגנו,אורגנו,Premium אורגנו from pitzuchia,in stock,new,6.00 ILS,https://hamama-online.co.il/product/%d7%90%d7%95%d7%a8%d7%92%d7%a0%d7%95/,https://hamama-online.co.il/wp-content/uploads/spices-k-all_0006_MNP_0774-300x220.jpg,pitzuchia
טוסקנה,טוסקנה,Premium טוסקנה from pitzuchia,in stock,new,6.90 ILS,https://hamama-online.co.il/product/%d7%98%d7%95%d7%a1%d7%a7%d7%a0%d7%94-2/,https://hamama-online.co.il/wp-content/uploads/spices-all_0032_Layer-1-300x220.jpg,pitzuchia
פילדלפיה,פילדלפיה,Premium פילדלפיה from pitzuchia,in stock,new,6.90 ILS,https://hamama-online.co.il/product/%d7%a4%d7%99%d7%9c%d7%93%d7%9c%d7%a4%d7%99%d7%94/,https://hamama-online.co.il/wp-content/uploads/spices-all_0012_MNP_0798-1-200x147.jpg,pitzuchia
הל-טחון,הל טחון,Premium הל טחון from pitzuchia,in stock,new,25.00 ILS,https://hamama-online.co.il/product/%d7%94%d7%9c-%d7%98%d7%97%d7%95%d7%9f/,https://hamama-online.co.il/wp-content/uploads/spices-all_0017_MNP_0776-200x147.jpg,pitzuchia
הל-שלם,הל שלם,Premium הל שלם from pitzuchia,in stock,new,30.00 ILS,https://hamama-online.co.il/product/%d7%94%d7%9c-%d7%a9%d7%9c%d7%9d/,https://hamama-online.co.il/wp-content/uploads/spices-s-all_0014_MNP_0775-200x147.jpg,pitzuchia
חילבה-שלם,חילבה שלם,Premium חילבה שלם from pitzuchia,in stock,new,4.50 ILS,https://hamama-online.co.il/product/%d7%97%d7%99%d7%9c%d7%91%d7%94-%d7%a9%d7%9c%d7%9d/,https://hamama-online.co.il/wp-content/uploads/spices-s-all_0007_MNP_0821-200x147.jpg,pitzuchia
כורכום,כורכום,Premium כורכום from pitzuchia,in stock,new,4.20 ILS,https://hamama-online.co.il/product/%d7%9b%d7%95%d7%a8%d7%9b%d7%95%d7%9d/,https://hamama-online.co.il/wp-content/uploads/spices-all_0005_MNP_0834-200x147.jpg,pitzuchia
פלפל-שחור-גרוס,פלפל שחור גרוס,Premium פלפל שחור גרוס from pitzuchia,in stock,new,6.90 ILS,https://hamama-online.co.il/product/%d7%a4%d7%9c%d7%a4%d7%9c-%d7%a9%d7%97%d7%95%d7%a8-%d7%92%d7%a8%d7%95%d7%a1/,https://hamama-online.co.il/wp-content/uploads/spices-all_0021_MNP_0752-200x147.jpg,pitzuchia
תערובת-קארי,תערובת קארי,Premium תערובת קארי from pitzuchia,in stock,new,5.50 ILS,https://hamama-online.co.il/product/%d7%aa%d7%a2%d7%a8%d7%95%d7%91%d7%aa-%d7%a7%d7%90%d7%a8%d7%99/,https://hamama-online.co.il/wp-content/uploads/spices-all_0028_MNP_0741-200x147.jpg,pitzuchia
צילי-גרוס,צ'ילי גרוס,Premium צ'ילי גרוס from pitzuchia,in stock,new,6.50 ILS,https://hamama-online.co.il/product/%d7%a6%d7%99%d7%9c%d7%99-%d7%92%d7%a8%d7%95%d7%a1/,https://hamama-online.co.il/wp-content/uploads/spices-all_0034_MNP_0732-200x147.jpg,pitzuchia
כמון-שלם,כמון שלם,Premium כמון שלם from pitzuchia,in stock,new,6.90 ILS,https://hamama-online.co.il/product/%d7%9b%d7%9e%d7%95%d7%9f-%d7%a9%d7%9c%d7%9d/,https://hamama-online.co.il/wp-content/uploads/spices-s-all_0015_MNP_0767-200x147.jpg,pitzuchia
כמון-טחון,כמון טחון,Premium כמון טחון from pitzuchia,in stock,new,6.90 ILS,https://hamama-online.co.il/product/%d7%9b%d7%9e%d7%95%d7%9f-%d7%98%d7%97%d7%95%d7%9f/,https://hamama-online.co.il/wp-content/uploads/spices-all_0006_MNP_0833-200x147.jpg,pitzuchia
גריל-עוף,גריל עוף,Premium גריל עוף from pitzuchia,in stock,new,3.90 ILS,https://hamama-online.co.il/product/%d7%92%d7%a8%d7%99%d7%9c-%d7%a2%d7%95%d7%a3/,https://hamama-online.co.il/wp-content/uploads/spices-all_0026_MNP_0744-200x147.jpg,pitzuchia
גריל-דג,גריל דג,Premium גריל דג from pitzuchia,in stock,new,6.00 ILS,https://hamama-online.co.il/product/%d7%92%d7%a8%d7%99%d7%9c-%d7%93%d7%92/,https://hamama-online.co.il/wp-content/uploads/spices-all_0020_MNP_0755-200x147.jpg,pitzuchia
בהרט,בהרט,Premium בהרט from pitzuchia,in stock,new,7.00 ILS,https://hamama-online.co.il/product/%d7%a7%d7%a6%d7%97-%d7%94%d7%a2%d7%aa%d7%a7/,https://hamama-online.co.il/wp-content/uploads/spices-all_0011_MNP_0801-200x147.jpg,pitzuchia
קצח,קצח,Premium קצח from pitzuchia,in stock,new,3.50 ILS,https://hamama-online.co.il/product/%d7%a7%d7%a6%d7%97/,https://hamama-online.co.il/wp-content/uploads/spices-all_0008_MNP_0812-1-200x147.jpg,pitzuchia
מעורב-ירושלמי,מעורב ירושלמי,Premium מעורב ירושלמי from pitzuchia,in stock,new,4.90 ILS,https://hamama-online.co.il/product/%d7%9e%d7%a2%d7%95%d7%a8%d7%91-%d7%99%d7%a8%d7%95%d7%a9%d7%9c%d7%9e%d7%99/,https://hamama-online.co.il/wp-content/uploads/spices-all_0012_MNP_0798-200x147.jpg,pitzuchia
פפריקה-מתוקה,פפריקה מתוקה,Premium פפריקה מתוקה from pitzuchia,in stock,new,5.70 ILS,https://hamama-online.co.il/product/%d7%a4%d7%a4%d7%a8%d7%99%d7%a7%d7%94-%d7%9e%d7%aa%d7%95%d7%a7%d7%94/,https://hamama-online.co.il/wp-content/uploads/2020/10/spices-all_0036_MNP_0730-1-200x147.jpg,pitzuchia
פפריקה-חריפה,פפריקה חריפה,Premium פפריקה חריפה from pitzuchia,in stock,new,5.70 ILS,https://hamama-online.co.il/product/%d7%a4%d7%a4%d7%a8%d7%99%d7%a7%d7%94-%d7%97%d7%a8%d7%99%d7%a4%d7%94/,https://hamama-online.co.il/wp-content/uploads/2020/10/spices-all_0035_MNP_0731-200x147.jpg,pitzuchia
פלפל-שחור-טחון,פלפל שחור טחון,Premium פלפל שחור טחון from pitzuchia,in stock,new,6.90 ILS,https://hamama-online.co.il/product/%d7%a4%d7%9c%d7%a4%d7%9c-%d7%a9%d7%97%d7%95%d7%a8-%d7%98%d7%97%d7%95%d7%9f/,https://hamama-online.co.il/wp-content/uploads/2020/10/spices-all_0014_MNP_0786-200x147.jpg,pitzuchia
חוויג-למרק,חוויג למרק,Premium חוויג למרק from pitzuchia,in stock,new,6.50 ILS,https://hamama-online.co.il/product/%d7%97%d7%95%d7%95%d7%99%d7%92-%d7%9c%d7%9e%d7%a8%d7%a7/,https://hamama-online.co.il/wp-content/uploads/2020/10/spices-all_0006_MNP_0833-200x147.jpg,pitzuchia
ראס-אל-חנות,ראס אל חנות,Premium ראס אל חנות from pitzuchia,in stock,new,7.00 ILS,https://hamama-online.co.il/product/%d7%a8%d7%90%d7%a1-%d7%90%d7%9c-%d7%97%d7%a0%d7%95%d7%aa/,https://hamama-online.co.il/wp-content/uploads/2020/10/spices-all_0011_MNP_0801-200x147.jpg,pitzuchia
זעתר,זעתר,Premium זעתר from pitzuchia,in stock,new,4.90 ILS,https://hamama-online.co.il/product/%d7%96%d7%a2%d7%aa%d7%a8/,https://hamama-online.co.il/wp-content/uploads/2020/10/spices-all_0033_MNP_0733-200x147.jpg,pitzuchia
קימל-טחון,קימל טחון,Premium קימל טחון from pitzuchia,in stock,new,4.90 ILS,https://hamama-online.co.il/product/%d7%a7%d7%99%d7%9e%d7%9c-%d7%98%d7%97%d7%95%d7%9f/,https://hamama-online.co.il/wp-content/uploads/2020/10/spices-all_0018_MNP_0766-200x147.jpg,pitzuchia
מקלות-קינמון,מקלות קינמון,Premium מקלות קינמון from pitzuchia,in stock,new,5.90 ILS,https://hamama-online.co.il/product/%d7%9e%d7%a7%d7%9c%d7%95%d7%aa-%d7%a7%d7%99%d7%a0%d7%9e%d7%95%d7%9f/,https://hamama-online.co.il/wp-content/uploads/2020/10/spices-s-all_0016_MNP_0756-200x147.jpg,pitzuchia
מגש-משפחתי-מהודר,מגש משפחתי מהודר,Premium מגש משפחתי מהודר from pitzuchia,in stock,new,0.00 ILS,https://hamama-online.co.il/product/%d7%9e%d7%90%d7%a8%d7%96-%d7%9e%d7%a9%d7%a4%d7%97%d7%aa%d7%99-%d7%9e%d7%94%d7%95%d7%93%d7%a8/,https://hamama-online.co.il/wp-content/uploads/dabble-product-min55-min-200x147.png,pitzuchia
מארז-דאבל-לטו-בשבט,"מארז דאבל לט""ו בשבט","Premium מארז דאבל לט""ו בשבט from pitzuchia",in stock,new,0.00 ILS,https://hamama-online.co.il/product/%d7%9e%d7%90%d7%a8%d7%96-%d7%93%d7%90%d7%91%d7%9c-%d7%9c%d7%98%d7%95-%d7%91%d7%a9%d7%91%d7%98/,https://hamama-online.co.il/wp-content/uploads/dabble-product-min-200x147.jpg,pitzuchia
חבילת-אירוח-פירות-יבשים-ומתוקים,חבילת אירוח פירות יבשים ומתוקים,Premium חבילת אירוח פירות יבשים ומתוקים from pitzuchia,in stock,new,0.00 ILS,https://hamama-online.co.il/product/%d7%97%d7%91%d7%99%d7%9c%d7%aa-%d7%90%d7%99%d7%a8%d7%95%d7%97-%d7%a4%d7%99%d7%a8%d7%95%d7%aa-%d7%99%d7%91%d7%a9%d7%99%d7%9d-%d7%95%d7%9e%d7%aa%d7%95%d7%a7%d7%99%d7%9d/,https://hamama-online.co.il/wp-content/uploads/trays-fruits-min-200x147.jpg,pitzuchia
חבילת-אירוח-פיצוחים-ומתוקים,חבילת אירוח פיצוחים ומתוקים,Premium חבילת אירוח פיצוחים ומתוקים from pitzuchia,in stock,new,0.00 ILS,https://hamama-online.co.il/product/%d7%97%d7%91%d7%99%d7%9c%d7%aa-%d7%90%d7%99%d7%a8%d7%95%d7%97-%d7%a4%d7%99%d7%a6%d7%95%d7%97%d7%99%d7%9d-%d7%95%d7%9e%d7%aa%d7%95%d7%a7%d7%99%d7%9d/,https://hamama-online.co.il/wp-content/uploads/dabble-product-min2-min-200x147.png,pitzuchia
מארז-פיצוחים-לנשנוש,מארז פיצוחים לנשנוש,Premium מארז פיצוחים לנשנוש from pitzuchia,in stock,new,0.00 ILS,https://hamama-online.co.il/product/%d7%9e%d7%90%d7%a8%d7%96-%d7%a4%d7%99%d7%a6%d7%95%d7%97%d7%99%d7%9d-%d7%9c%d7%a0%d7%a9%d7%a0%d7%95%d7%a9-600-%d7%92%d7%a8%d7%9d/,https://hamama-online.co.il/wp-content/uploads/Nuts-all-package6-min-200x147.jpg,pitzuchia
מארז-פיצוחים,מארז פיצוחים,Premium מארז פיצוחים from pitzuchia,in stock,new,0.00 ILS,https://hamama-online.co.il/product/%d7%9e%d7%90%d7%a8%d7%96-%d7%a4%d7%99%d7%a6%d7%95%d7%97%d7%99%d7%9d-700-%d7%92%d7%a8%d7%9d/,https://hamama-online.co.il/wp-content/uploads/Nuts-all-package5-min-200x147.jpg,pitzuchia
מארז-בריאות-גדול,מארז בריאות (גדול),Premium מארז בריאות (גדול) from pitzuchia,in stock,new,0.00 ILS,https://hamama-online.co.il/product/%d7%9e%d7%90%d7%a8%d7%96-%d7%91%d7%a8%d7%99%d7%90%d7%95%d7%aa-%d7%92%d7%93%d7%95%d7%9c/,https://hamama-online.co.il/wp-content/uploads/Nuts-all-package3-min-200x147.jpg,pitzuchia
מארז-נשנושים-גדול,מארז נשנושים גדול,Premium מארז נשנושים גדול from pitzuchia,in stock,new,0.00 ILS,https://hamama-online.co.il/product/%d7%9e%d7%90%d7%a8%d7%96-%d7%91%d7%a8%d7%99%d7%90%d7%95%d7%aa/,https://hamama-online.co.il/wp-content/uploads/Nuts-all-package4-min-200x147.jpg,pitzuchia
מארז-פינוק-גדול,מארז פינוק (גדול),Premium מארז פינוק (גדול) from pitzuchia,in stock,new,0.00 ILS,https://hamama-online.co.il/product/%d7%9e%d7%90%d7%a8%d7%96-%d7%a4%d7%99%d7%a0%d7%95%d7%a7/,https://hamama-online.co.il/wp-content/uploads/trays-nuts-4-min-200x147.png,pitzuchia
מארז-פינוק-קטן,מארז פינוק (קטן),Premium מארז פינוק (קטן) from pitzuchia,in stock,new,0.00 ILS,https://hamama-online.co.il/product/%d7%9e%d7%90%d7%a8%d7%96-%d7%a4%d7%99%d7%a0%d7%95%d7%a7-2/,https://hamama-online.co.il/wp-content/uploads/Nuts-all-package-mockup-22-min-200x147.jpg,pitzuchia
